Date,Position,Song,Artist,Popularity,Duration_MS,Album_Type,Total_Tracks,Release_Date,Is_Explicit,Album_Cover_URL
2025-12-14,1,The Fate of Ophelia,Taylor Swift,100,226073,album,12,2025-10-03,False,https://i.scdn.co/image/ab67616d0000b273d7812467811a7da6e6a44902
2025-12-14,2,All I Want for Christmas Is You,Mariah Carey,97,241562,album,10,1994-10-28,False,https://i.scdn.co/image/ab67616d0000b273c0862332847213b151ffab31
2025-12-14,3,Last Christmas,Wham!,95,262960,single,3,1984-11-29,False,https://i.scdn.co/image/ab67616d0000b273f2d2adaa21ad616df6241e7d
2025-12-14,4,Rockin' Around The Christmas Tree,Brenda Lee,96,126266,album,12,1964-10-19,False,https://i.scdn.co/image/ab67616d0000b2737845f74d6db14b400fa61cd3
2025-12-14,5,Jingle Bell Rock,Bobby Helms,94,130973,single,2,1957-12-02,False,https://i.scdn.co/image/ab67616d0000b273fd56f3c7a294f5cfe51c7b17
2025-12-14,6,Golden,"HUNTR/X, EJAE, AUDREY NUNA, REI AMI, KPop Demon Hunters Cast",98,194607,album,12,2025-06-20,False,https://i.scdn.co/image/ab67616d0000b2734dcb6c5df15cf74596ab25a4
2025-12-14,7,Man I Need,Olivia Dean,97,184000,single,3,2025-08-15,False,https://i.scdn.co/image/ab67616d0000b273e3d69e17dde129037a1f09e2
2025-12-14,8,Santa Tell Me,Ariana Grande,94,204093,single,1,2014-11-24,False,https://i.scdn.co/image/ab67616d0000b273a1db745e63940bc06985dea5
2025-12-14,9,back to friends,sombr,93,199032,single,1,2024-12-27,False,https://i.scdn.co/image/ab67616d0000b2739d24f74c1e2d8a12b1e591ec
2025-12-14,10,Underneath the Tree,Kelly Clarkson,91,229638,album,16,2013-10-25,False,https://i.scdn.co/image/ab67616d0000b273c87992b7588879f66d192905
2025-12-14,11,Let It Snow! Let It Snow! Let It Snow!,Dean Martin,93,117146,album,12,1959-01-01,False,https://i.scdn.co/image/ab67616d0000b2736d88028a85c771f37374c8ea
2025-12-14,12,Ordinary,Alex Warren,92,186964,album,11,2024-09-26,False,https://i.scdn.co/image/ab67616d0000b27342fe69c0e7e5c92f01ece8ce
2025-12-14,13,Snowman,Sia,93,165900,album,13,2018-11-01,False,https://i.scdn.co/image/ab67616d0000b273e8b11389352ddae61df3a93b
2025-12-14,14,End of Beginning,Djo,94,159245,album,13,2022-09-16,False,https://i.scdn.co/image/ab67616d0000b273fddfffec51b4580acae727c1
2025-12-14,15,So Easy (To Fall In Love),Olivia Dean,95,169000,album,12,2025-09-26,False,https://i.scdn.co/image/ab67616d0000b2739a336bfb6d40bbd90a507417
2025-12-14,16,WHERE IS MY HUSBAND!,RAYE,95,196795,single,1,2025-09-19,False,https://i.scdn.co/image/ab67616d0000b2737cc8cee5c81409833e540974
2025-12-14,17,It's the Most Wonderful Time of the Year,Andy Williams,81,151000,album,12,1963-01-01,False,https://i.scdn.co/image/ab67616d0000b273585897779cf3591ba0f07650
2025-12-14,18,It's Beginning to Look a Lot like Christmas,Michael Bublé,86,206639,album,16,2011-10-24,False,https://i.scdn.co/image/ab67616d0000b27395517befb15ad5d63af701ab
2025-12-14,19,Feliz Navidad,José Feliciano,78,182306,album,23,2001-01-01,False,https://i.scdn.co/image/ab67616d0000b27357db4e3ca6a227ed612ad0b8
2025-12-14,20,BIRDS OF A FEATHER,Billie Eilish,95,210373,album,10,2024-05-17,False,https://i.scdn.co/image/ab67616d0000b27371d62ea7ea8a5be92d3c1f62
2025-12-14,21,Mistletoe,Justin Bieber,91,182946,album,15,2011-01-01,False,https://i.scdn.co/image/ab67616d0000b273af0aff7f601df9ed6d2d531d
2025-12-14,22,Every Breath You Take,The Police,93,253920,album,11,1983-06-17,False,https://i.scdn.co/image/ab67616d0000b273c8e97cafeb2acb85b21a777e
2025-12-14,23,Die With A Smile,"Lady Gaga, Bruno Mars",92,251667,single,1,2024-08-16,False,https://i.scdn.co/image/ab67616d0000b27382ea2e9e1858aa012c57cd45
2025-12-14,24,Sleigh Ride,The Ronettes,80,181266,compilation,15,2020-12-04,False,https://i.scdn.co/image/ab67616d0000b2731f0d5a8ff630fd5944c3936d
2025-12-14,25,CHANEL,Tyla,90,188059,single,1,2025-10-24,True,https://i.scdn.co/image/ab67616d0000b27336e063ca7f0b26f63515ca57
2025-12-14,26,The Christmas Song (Merry Christmas To You),Nat King Cole,89,192160,album,19,1962-01-01,False,https://i.scdn.co/image/ab67616d0000b27330dc6027fd140c7ba68e900c
2025-12-14,27,Cuando No Era Cantante,"El Bogueto, Yung Beef",91,211084,album,23,2024-09-26,True,https://i.scdn.co/image/ab67616d0000b27315110c9ad66e065592cc3496
2025-12-14,28,Holly Jolly Christmas,Michael Bublé,85,119786,album,16,2011-10-24,False,https://i.scdn.co/image/ab67616d0000b27395517befb15ad5d63af701ab
2025-12-14,29,Opalite,Taylor Swift,95,235355,album,12,2025-10-03,False,https://i.scdn.co/image/ab67616d0000b273d7812467811a7da6e6a44902
2025-12-14,30,Iris,The Goo Goo Dolls,93,289533,album,13,1998-01-01,False,https://i.scdn.co/image/ab67616d0000b273eda9478c39a21e1cdc6609ca
2025-12-14,31,DtMF,Bad Bunny,92,237117,album,17,2025-01-05,True,https://i.scdn.co/image/ab67616d0000b273bbd45c8d36e0e045ef640411
2025-12-14,32,Don’t Say You Love Me,Jin,88,180716,album,7,2025-05-16,False,https://i.scdn.co/image/ab67616d0000b27389228504f700641956e29f5d
2025-12-14,33,BAILE INoLVIDABLE,Bad Bunny,92,367725,album,17,2025-01-05,True,https://i.scdn.co/image/ab67616d0000b273bbd45c8d36e0e045ef640411
2025-12-14,34,Posso Até Não Te Dar Flores,"DJ Japa NK, MC Meno K, MC Ryan SP, Mc Jacaré, DJ DAVI DOGDOG",92,158769,single,1,2025-09-11,True,https://i.scdn.co/image/ab67616d0000b27303965d16104282739d6e0a58
2025-12-14,35,La Perla,"ROSALÍA, Yahritza Y Su Esencia",93,195546,album,15,2025-11-07,True,https://i.scdn.co/image/ab67616d0000b27393ee2e2f2dfb7de9befcc164
2025-12-14,36,Gabriela,KATSEYE,94,197226,single,2,2025-06-20,False,https://i.scdn.co/image/ab67616d0000b273f8d4d00ffe09373efb13ce29
2025-12-14,37,Sailor Song,Gigi Perez,88,211978,single,1,2024-07-26,False,https://i.scdn.co/image/ab67616d0000b273e6065f209e0a01986206bd53
2025-12-14,38,No Broke Boys,"Disco Lines, Tinashe",93,163994,single,1,2025-06-06,True,https://i.scdn.co/image/ab67616d0000b2735dcede7ece7b2cb72cee4eee
2025-12-14,39,Happy Xmas (War Is Over) - Remastered 2010,"John Lennon, Yoko Ono",89,214333,compilation,119,2010-10-05,False,https://i.scdn.co/image/ab67616d0000b27361a389971d7842d02b0623ab
2025-12-14,40,Sweater Weather,The Neighbourhood,93,240400,album,11,2013-04-22,False,https://i.scdn.co/image/ab67616d0000b2738265a736a1eb838ad5a0b921
2025-12-14,41,"One Of The Girls (with JENNIE, Lily Rose Depp)","The Weeknd, JENNIE, Lily-Rose Depp",92,244684,single,3,2023-06-23,False,https://i.scdn.co/image/ab67616d0000b273b0dd6a5cd1dec96c4119c262
2025-12-14,42,WILDFLOWER,Billie Eilish,93,261466,album,10,2024-05-17,False,https://i.scdn.co/image/ab67616d0000b27371d62ea7ea8a5be92d3c1f62
2025-12-14,43,Creep,Radiohead,92,238640,album,12,1993-02-22,True,https://i.scdn.co/image/ab67616d0000b273ec548c00d3ac2f10be73366d
2025-12-14,44,Christmas (Baby Please Come Home),Darlene Love,87,166453,compilation,15,2020-12-04,False,https://i.scdn.co/image/ab67616d0000b2734bd42504ca3569f71af64fc8
2025-12-14,45,KUSURA BAKMA,BLOK3,88,157800,single,1,2025-11-28,False,https://i.scdn.co/image/ab67616d0000b2736a144a0ddc1c14fa8db49b67
2025-12-14,46,Wonderful Christmastime - Edited Version / Remastered 2011,Paul McCartney,89,227653,album,19,1980-05-16,False,https://i.scdn.co/image/ab67616d0000b2733cef016d13d82873d45af84a
2025-12-14,47,Beautiful Things,Benson Boone,89,180304,album,15,2024-04-05,False,https://i.scdn.co/image/ab67616d0000b273cc04ff3e70e146ba9abacf40
2025-12-14,48,Sedia Aku Sebelum Hujan,Idgitaf,85,230130,single,1,2025-10-08,False,https://i.scdn.co/image/ab67616d0000b2738dc8c573565969d55f9f3477
2025-12-14,49,Timeless (feat Playboi Carti),"The Weeknd, Playboi Carti",92,256000,album,22,2025-01-31,True,https://i.scdn.co/image/ab67616d0000b273982320da137d0de34410df61
2025-12-14,50,The Night We Met,Lord Huron,91,208211,album,14,2015-04-06,False,https://i.scdn.co/image/ab67616d0000b27317875a0610c23d8946454583
2025-12-15,1,All I Want for Christmas Is You,Mariah Carey,98,241562,album,10,1994-10-28,False,https://i.scdn.co/image/ab67616d0000b273c0862332847213b151ffab31
2025-12-15,2,Last Christmas,Wham!,96,262960,single,3,1984-11-29,False,https://i.scdn.co/image/ab67616d0000b273f2d2adaa21ad616df6241e7d
2025-12-15,3,Rockin' Around The Christmas Tree,Brenda Lee,96,126266,album,12,1964-10-19,False,https://i.scdn.co/image/ab67616d0000b2737845f74d6db14b400fa61cd3
2025-12-15,4,The Fate of Ophelia,Taylor Swift,100,226073,album,12,2025-10-03,False,https://i.scdn.co/image/ab67616d0000b273d7812467811a7da6e6a44902
2025-12-15,5,Jingle Bell Rock,Bobby Helms,94,130973,single,2,1957-12-02,False,https://i.scdn.co/image/ab67616d0000b273fd56f3c7a294f5cfe51c7b17
2025-12-15,6,Santa Tell Me,Ariana Grande,95,204093,single,1,2014-11-24,False,https://i.scdn.co/image/ab67616d0000b273a1db745e63940bc06985dea5
2025-12-15,7,Let It Snow! Let It Snow! Let It Snow!,Dean Martin,93,117146,album,12,1959-01-01,False,https://i.scdn.co/image/ab67616d0000b2736d88028a85c771f37374c8ea
2025-12-15,8,Underneath the Tree,Kelly Clarkson,91,229638,album,16,2013-10-25,False,https://i.scdn.co/image/ab67616d0000b273c87992b7588879f66d192905
2025-12-15,9,Golden,"HUNTR/X, EJAE, AUDREY NUNA, REI AMI, KPop Demon Hunters Cast",98,194607,album,12,2025-06-20,False,https://i.scdn.co/image/ab67616d0000b2734dcb6c5df15cf74596ab25a4
2025-12-15,10,Snowman,Sia,94,165900,album,13,2018-11-01,False,https://i.scdn.co/image/ab67616d0000b273e8b11389352ddae61df3a93b
2025-12-15,11,It's the Most Wonderful Time of the Year,Andy Williams,81,151000,album,12,1963-01-01,False,https://i.scdn.co/image/ab67616d0000b273585897779cf3591ba0f07650
2025-12-15,12,It's Beginning to Look a Lot like Christmas,Michael Bublé,86,206639,album,16,2011-10-24,False,https://i.scdn.co/image/ab67616d0000b27395517befb15ad5d63af701ab
2025-12-15,13,Feliz Navidad,José Feliciano,78,182306,album,23,2001-01-01,False,https://i.scdn.co/image/ab67616d0000b27357db4e3ca6a227ed612ad0b8
2025-12-15,14,Man I Need,Olivia Dean,97,184000,single,3,2025-08-15,False,https://i.scdn.co/image/ab67616d0000b273e3d69e17dde129037a1f09e2
2025-12-15,15,back to friends,sombr,93,199032,single,1,2024-12-27,False,https://i.scdn.co/image/ab67616d0000b2739d24f74c1e2d8a12b1e591ec
2025-12-15,16,Sleigh Ride,The Ronettes,81,181266,compilation,15,2020-12-04,False,https://i.scdn.co/image/ab67616d0000b2731f0d5a8ff630fd5944c3936d
2025-12-15,17,Mistletoe,Justin Bieber,91,182946,album,15,2011-01-01,False,https://i.scdn.co/image/ab67616d0000b273af0aff7f601df9ed6d2d531d
2025-12-15,18,The Christmas Song (Merry Christmas To You),Nat King Cole,90,192160,album,19,1962-01-01,False,https://i.scdn.co/image/ab67616d0000b27330dc6027fd140c7ba68e900c
2025-12-15,19,Holly Jolly Christmas,Michael Bublé,86,119786,album,16,2011-10-24,False,https://i.scdn.co/image/ab67616d0000b27395517befb15ad5d63af701ab
2025-12-15,20,Ordinary,Alex Warren,92,186964,album,11,2024-09-26,False,https://i.scdn.co/image/ab67616d0000b27342fe69c0e7e5c92f01ece8ce
2025-12-15,21,So Easy (To Fall In Love),Olivia Dean,95,169000,album,12,2025-09-26,False,https://i.scdn.co/image/ab67616d0000b2739a336bfb6d40bbd90a507417
2025-12-15,22,End of Beginning,Djo,94,159245,album,13,2022-09-16,False,https://i.scdn.co/image/ab67616d0000b273fddfffec51b4580acae727c1
2025-12-15,23,Happy Xmas (War Is Over) - Remastered 2010,"John Lennon, Yoko Ono",90,214333,compilation,119,2010-10-05,False,https://i.scdn.co/image/ab67616d0000b27361a389971d7842d02b0623ab
2025-12-15,24,WHERE IS MY HUSBAND!,RAYE,95,196795,single,1,2025-09-19,False,https://i.scdn.co/image/ab67616d0000b2737cc8cee5c81409833e540974
2025-12-15,25,Wonderful Christmastime - Edited Version / Remastered 2011,Paul McCartney,90,227653,album,19,1980-05-16,False,https://i.scdn.co/image/ab67616d0000b2733cef016d13d82873d45af84a
2025-12-15,26,CHANEL,Tyla,91,188059,single,1,2025-10-24,True,https://i.scdn.co/image/ab67616d0000b27336e063ca7f0b26f63515ca57
2025-12-15,27,Die With A Smile,"Lady Gaga, Bruno Mars",92,251667,single,1,2024-08-16,False,https://i.scdn.co/image/ab67616d0000b27382ea2e9e1858aa012c57cd45
2025-12-15,28,BIRDS OF A FEATHER,Billie Eilish,95,210373,album,10,2024-05-17,False,https://i.scdn.co/image/ab67616d0000b27371d62ea7ea8a5be92d3c1f62
2025-12-15,29,Every Breath You Take,The Police,93,253920,album,11,1983-06-17,False,https://i.scdn.co/image/ab67616d0000b273c8e97cafeb2acb85b21a777e
2025-12-15,30,Christmas (Baby Please Come Home),Darlene Love,87,166453,compilation,15,2020-12-04,False,https://i.scdn.co/image/ab67616d0000b2734bd42504ca3569f71af64fc8
2025-12-15,31,Don’t Say You Love Me,Jin,88,180716,album,7,2025-05-16,False,https://i.scdn.co/image/ab67616d0000b27389228504f700641956e29f5d
2025-12-15,32,Cuando No Era Cantante,"El Bogueto, Yung Beef",91,211084,album,23,2024-09-26,True,https://i.scdn.co/image/ab67616d0000b27315110c9ad66e065592cc3496
2025-12-15,33,Merry Christmas Everyone,Shakin' Stevens,88,220160,album,13,1991-11-25,False,https://i.scdn.co/image/ab67616d0000b273d962f3b4235f8c6429a829fb
2025-12-15,34,Sedia Aku Sebelum Hujan,Idgitaf,85,230130,single,1,2025-10-08,False,https://i.scdn.co/image/ab67616d0000b2738dc8c573565969d55f9f3477
2025-12-15,35,Opalite,Taylor Swift,95,235355,album,12,2025-10-03,False,https://i.scdn.co/image/ab67616d0000b273d7812467811a7da6e6a44902
2025-12-15,36,Gabriela,KATSEYE,94,197226,single,2,2025-06-20,False,https://i.scdn.co/image/ab67616d0000b273f8d4d00ffe09373efb13ce29
2025-12-15,37,Sailor Song,Gigi Perez,88,211978,single,1,2024-07-26,False,https://i.scdn.co/image/ab67616d0000b273e6065f209e0a01986206bd53
2025-12-15,38,White Christmas - 1947 Version,"Bing Crosby, Ken Darby Singers, John Scott Trotter & His Orchestra",89,183613,compilation,12,1945-01-01,False,https://i.scdn.co/image/ab67616d0000b2738004cd6b343732b0e1e666f5
2025-12-15,39,Driving Home for Christmas - 2019 Remaster,Chris Rea,82,241626,album,28,1987-08-02,False,https://i.scdn.co/image/ab67616d0000b2736d621c2d5114cc41c96b376a
2025-12-15,40,DtMF,Bad Bunny,92,237117,album,17,2025-01-05,True,https://i.scdn.co/image/ab67616d0000b273bbd45c8d36e0e045ef640411
2025-12-15,41,It's Beginning to Look a Lot Like Christmas (with Mitchell Ayres & His Orchestra),"Perry Como, The Fontane Sisters, Mitchell Ayres & His Orchestra",88,155933,album,21,1999-08-23,False,https://i.scdn.co/image/ab67616d0000b273d5f598be32d3027b9578ecd6
2025-12-15,42,Do They Know It's Christmas? - 1984 Version,Band Aid,72,222533,single,2,2004-01-01,False,https://i.scdn.co/image/ab67616d0000b2732f77772e5c981e44fc347e22
2025-12-15,43,BAILE INoLVIDABLE,Bad Bunny,92,367725,album,17,2025-01-05,True,https://i.scdn.co/image/ab67616d0000b273bbd45c8d36e0e045ef640411
2025-12-15,44,Posso Até Não Te Dar Flores,"DJ Japa NK, MC Meno K, MC Ryan SP, Mc Jacaré, DJ DAVI DOGDOG",92,158769,single,1,2025-09-11,True,https://i.scdn.co/image/ab67616d0000b27303965d16104282739d6e0a58
2025-12-15,45,Run Rudolph Run,Chuck Berry,88,165733,album,20,1986-01-01,False,https://i.scdn.co/image/ab67616d0000b27339807cff601735a3dec9e24c
2025-12-15,46,Iris,The Goo Goo Dolls,93,289533,album,13,1998-01-01,False,https://i.scdn.co/image/ab67616d0000b273eda9478c39a21e1cdc6609ca
2025-12-15,47,Step Into Christmas - Remastered 1995,Elton John,86,272333,album,14,1974-06-28,False,https://i.scdn.co/image/ab67616d0000b27368f5959744717483eed212b2
2025-12-15,48,Sweater Weather,The Neighbourhood,93,240400,album,11,2013-04-22,False,https://i.scdn.co/image/ab67616d0000b2738265a736a1eb838ad5a0b921
2025-12-15,49,Please Come Home for Christmas - 2013 Remaster,Eagles,88,177440,single,2,1978-11-27,False,https://i.scdn.co/image/ab67616d0000b2736d4362a2b2e39422000f8ed3
2025-12-15,50,WILDFLOWER,Billie Eilish,93,261466,album,10,2024-05-17,False,https://i.scdn.co/image/ab67616d0000b27371d62ea7ea8a5be92d3c1f62
2025-12-16,1,The Fate of Ophelia,Taylor Swift,100,226073,album,12,2025-10-03,False,https://i.scdn.co/image/ab67616d0000b273d7812467811a7da6e6a44902
2025-12-16,2,Last Christmas,Wham!,96,262960,single,3,1984-11-29,False,https://i.scdn.co/image/ab67616d0000b273f2d2adaa21ad616df6241e7d
2025-12-16,3,All I Want for Christmas Is You,Mariah Carey,98,241562,album,10,1994-10-28,False,https://i.scdn.co/image/ab67616d0000b273c0862332847213b151ffab31
2025-12-16,4,Rockin' Around The Christmas Tree,Brenda Lee,96,126266,album,12,1964-10-19,False,https://i.scdn.co/image/ab67616d0000b2737845f74d6db14b400fa61cd3
2025-12-16,5,Golden,"HUNTR/X, EJAE, AUDREY NUNA, REI AMI, KPop Demon Hunters Cast",98,194607,album,12,2025-06-20,False,https://i.scdn.co/image/ab67616d0000b2734dcb6c5df15cf74596ab25a4
2025-12-16,6,Jingle Bell Rock,Bobby Helms,94,130973,single,2,1957-12-02,False,https://i.scdn.co/image/ab67616d0000b273fd56f3c7a294f5cfe51c7b17
2025-12-16,7,Man I Need,Olivia Dean,97,184000,single,3,2025-08-15,False,https://i.scdn.co/image/ab67616d0000b273e3d69e17dde129037a1f09e2
2025-12-16,8,back to friends,sombr,93,199032,single,1,2024-12-27,False,https://i.scdn.co/image/ab67616d0000b2739d24f74c1e2d8a12b1e591ec
2025-12-16,9,Santa Tell Me,Ariana Grande,95,204093,single,1,2014-11-24,False,https://i.scdn.co/image/ab67616d0000b273a1db745e63940bc06985dea5
2025-12-16,10,Underneath the Tree,Kelly Clarkson,92,229638,album,16,2013-10-25,False,https://i.scdn.co/image/ab67616d0000b273c87992b7588879f66d192905
2025-12-16,11,Snowman,Sia,94,165900,album,13,2018-11-01,False,https://i.scdn.co/image/ab67616d0000b273e8b11389352ddae61df3a93b
2025-12-16,12,Let It Snow! Let It Snow! Let It Snow!,Dean Martin,94,117146,album,12,1959-01-01,False,https://i.scdn.co/image/ab67616d0000b2736d88028a85c771f37374c8ea
2025-12-16,13,Ordinary,Alex Warren,92,186964,album,11,2024-09-26,False,https://i.scdn.co/image/ab67616d0000b27342fe69c0e7e5c92f01ece8ce
2025-12-16,14,It's the Most Wonderful Time of the Year,Andy Williams,82,151000,album,12,1963-01-01,False,https://i.scdn.co/image/ab67616d0000b273585897779cf3591ba0f07650
2025-12-16,15,So Easy (To Fall In Love),Olivia Dean,95,169000,album,12,2025-09-26,False,https://i.scdn.co/image/ab67616d0000b2739a336bfb6d40bbd90a507417
2025-12-16,16,End of Beginning,Djo,94,159245,album,13,2022-09-16,False,https://i.scdn.co/image/ab67616d0000b273fddfffec51b4580acae727c1
2025-12-16,17,WHERE IS MY HUSBAND!,RAYE,95,196795,single,1,2025-09-19,False,https://i.scdn.co/image/ab67616d0000b2737cc8cee5c81409833e540974
2025-12-16,18,It's Beginning to Look a Lot like Christmas,Michael Bublé,86,206639,album,16,2011-10-24,False,https://i.scdn.co/image/ab67616d0000b27395517befb15ad5d63af701ab
2025-12-16,19,Every Breath You Take,The Police,93,253920,album,11,1983-06-17,False,https://i.scdn.co/image/ab67616d0000b273c8e97cafeb2acb85b21a777e
2025-12-16,20,CHANEL,Tyla,91,188059,single,1,2025-10-24,True,https://i.scdn.co/image/ab67616d0000b27336e063ca7f0b26f63515ca57
2025-12-16,21,Holly Jolly Christmas,Michael Bublé,86,119786,album,16,2011-10-24,False,https://i.scdn.co/image/ab67616d0000b27395517befb15ad5d63af701ab
2025-12-16,22,Sleigh Ride,The Ronettes,81,181266,compilation,15,2020-12-04,False,https://i.scdn.co/image/ab67616d0000b2731f0d5a8ff630fd5944c3936d
2025-12-16,23,Die With A Smile,"Lady Gaga, Bruno Mars",92,251667,single,1,2024-08-16,False,https://i.scdn.co/image/ab67616d0000b27382ea2e9e1858aa012c57cd45
2025-12-16,24,Feliz Navidad,José Feliciano,78,182306,album,23,2001-01-01,False,https://i.scdn.co/image/ab67616d0000b27357db4e3ca6a227ed612ad0b8
2025-12-16,25,BIRDS OF A FEATHER,Billie Eilish,95,210373,album,10,2024-05-17,False,https://i.scdn.co/image/ab67616d0000b27371d62ea7ea8a5be92d3c1f62
2025-12-16,26,Mistletoe,Justin Bieber,92,182946,album,15,2011-01-01,False,https://i.scdn.co/image/ab67616d0000b273af0aff7f601df9ed6d2d531d
2025-12-16,27,Cuando No Era Cantante,"El Bogueto, Yung Beef",91,211084,album,23,2024-09-26,True,https://i.scdn.co/image/ab67616d0000b27315110c9ad66e065592cc3496
2025-12-16,28,Opalite,Taylor Swift,95,235355,album,12,2025-10-03,False,https://i.scdn.co/image/ab67616d0000b273d7812467811a7da6e6a44902
2025-12-16,29,The Christmas Song (Merry Christmas To You),Nat King Cole,90,192160,album,19,1962-01-01,False,https://i.scdn.co/image/ab67616d0000b27330dc6027fd140c7ba68e900c
2025-12-16,30,Sailor Song,Gigi Perez,88,211978,single,1,2024-07-26,False,https://i.scdn.co/image/ab67616d0000b273e6065f209e0a01986206bd53
2025-12-16,31,Iris,The Goo Goo Dolls,93,289533,album,13,1998-01-01,False,https://i.scdn.co/image/ab67616d0000b273eda9478c39a21e1cdc6609ca
2025-12-16,32,Don’t Say You Love Me,Jin,88,180716,album,7,2025-05-16,False,https://i.scdn.co/image/ab67616d0000b27389228504f700641956e29f5d
2025-12-16,33,Gabriela,KATSEYE,94,197226,single,2,2025-06-20,False,https://i.scdn.co/image/ab67616d0000b273f8d4d00ffe09373efb13ce29
2025-12-16,34,DtMF,Bad Bunny,93,237117,album,17,2025-01-05,True,https://i.scdn.co/image/ab67616d0000b273bbd45c8d36e0e045ef640411
2025-12-16,35,Sedia Aku Sebelum Hujan,Idgitaf,86,230130,single,1,2025-10-08,False,https://i.scdn.co/image/ab67616d0000b2738dc8c573565969d55f9f3477
2025-12-16,36,"One Of The Girls (with JENNIE, Lily Rose Depp)","The Weeknd, JENNIE, Lily-Rose Depp",92,244684,single,3,2023-06-23,False,https://i.scdn.co/image/ab67616d0000b273b0dd6a5cd1dec96c4119c262
2025-12-16,37,Sweater Weather,The Neighbourhood,93,240400,album,11,2013-04-22,False,https://i.scdn.co/image/ab67616d0000b2738265a736a1eb838ad5a0b921
2025-12-16,38,BAILE INoLVIDABLE,Bad Bunny,92,367725,album,17,2025-01-05,True,https://i.scdn.co/image/ab67616d0000b273bbd45c8d36e0e045ef640411
2025-12-16,39,Christmas (Baby Please Come Home),Darlene Love,87,166453,compilation,15,2020-12-04,False,https://i.scdn.co/image/ab67616d0000b2734bd42504ca3569f71af64fc8
2025-12-16,40,Happy Xmas (War Is Over) - Remastered 2010,"John Lennon, Yoko Ono",90,214333,compilation,119,2010-10-05,False,https://i.scdn.co/image/ab67616d0000b27361a389971d7842d02b0623ab
2025-12-16,41,La Perla,"ROSALÍA, Yahritza Y Su Esencia",93,195546,album,15,2025-11-07,True,https://i.scdn.co/image/ab67616d0000b27393ee2e2f2dfb7de9befcc164
2025-12-16,42,The Night We Met,Lord Huron,90,208211,album,14,2015-04-06,False,https://i.scdn.co/image/ab67616d0000b27317875a0610c23d8946454583
2025-12-16,43,WILDFLOWER,Billie Eilish,93,261466,album,10,2024-05-17,False,https://i.scdn.co/image/ab67616d0000b27371d62ea7ea8a5be92d3c1f62
2025-12-16,44,Wonderful Christmastime - Edited Version / Remastered 2011,Paul McCartney,90,227653,album,19,1980-05-16,False,https://i.scdn.co/image/ab67616d0000b2733cef016d13d82873d45af84a
2025-12-16,45,Posso Até Não Te Dar Flores,"DJ Japa NK, MC Meno K, MC Ryan SP, Mc Jacaré, DJ DAVI DOGDOG",92,158769,single,1,2025-09-11,True,https://i.scdn.co/image/ab67616d0000b27303965d16104282739d6e0a58
2025-12-16,46,Lush Life,Zara Larsson,2,201122,single,1,2015-06-09,False,https://i.scdn.co/image/ab67616d0000b2736eaa0691ac9d790b41d21a91
2025-12-16,47,No Broke Boys,"Disco Lines, Tinashe",93,163994,single,1,2025-06-06,True,https://i.scdn.co/image/ab67616d0000b2735dcede7ece7b2cb72cee4eee
2025-12-16,48,Who,Jimin,87,170887,album,7,2024-07-19,False,https://i.scdn.co/image/ab67616d0000b273f02c451189a709b9a952aaec
2025-12-16,49,I Wanna Be Yours,Arctic Monkeys,92,183956,album,12,2013-09-09,False,https://i.scdn.co/image/ab67616d0000b2734ae1c4c5c45aabe565499163
2025-12-16,50,Creep,Radiohead,92,238640,album,12,1993-02-22,True,https://i.scdn.co/image/ab67616d0000b273ec548c00d3ac2f10be73366d
2025-12-17,1,The Fate of Ophelia,Taylor Swift,100,226073,album,12,2025-10-03,False,https://i.scdn.co/image/ab67616d0000b273d7812467811a7da6e6a44902
2025-12-17,2,Last Christmas,Wham!,96,262960,single,3,1984-11-29,False,https://i.scdn.co/image/ab67616d0000b273f2d2adaa21ad616df6241e7d
2025-12-17,3,All I Want for Christmas Is You,Mariah Carey,98,241562,album,10,1994-10-28,False,https://i.scdn.co/image/ab67616d0000b273c0862332847213b151ffab31
2025-12-17,4,Rockin' Around The Christmas Tree,Brenda Lee,96,126266,album,12,1964-10-19,False,https://i.scdn.co/image/ab67616d0000b2737845f74d6db14b400fa61cd3
2025-12-17,5,Golden,"HUNTR/X, EJAE, AUDREY NUNA, REI AMI, KPop Demon Hunters Cast",98,194607,album,12,2025-06-20,False,https://i.scdn.co/image/ab67616d0000b2734dcb6c5df15cf74596ab25a4
2025-12-17,6,Jingle Bell Rock,Bobby Helms,94,130973,single,2,1957-12-02,False,https://i.scdn.co/image/ab67616d0000b273fd56f3c7a294f5cfe51c7b17
2025-12-17,7,Man I Need,Olivia Dean,97,184000,single,3,2025-08-15,False,https://i.scdn.co/image/ab67616d0000b273e3d69e17dde129037a1f09e2
2025-12-17,8,back to friends,sombr,93,199032,single,1,2024-12-27,False,https://i.scdn.co/image/ab67616d0000b2739d24f74c1e2d8a12b1e591ec
2025-12-17,9,Santa Tell Me,Ariana Grande,95,204093,single,1,2014-11-24,False,https://i.scdn.co/image/ab67616d0000b273a1db745e63940bc06985dea5
2025-12-17,10,Underneath the Tree,Kelly Clarkson,92,229638,album,16,2013-10-25,False,https://i.scdn.co/image/ab67616d0000b273c87992b7588879f66d192905
2025-12-17,11,Snowman,Sia,94,165900,album,13,2018-11-01,False,https://i.scdn.co/image/ab67616d0000b273e8b11389352ddae61df3a93b
2025-12-17,12,Let It Snow! Let It Snow! Let It Snow!,Dean Martin,94,117146,album,12,1959-01-01,False,https://i.scdn.co/image/ab67616d0000b2736d88028a85c771f37374c8ea
2025-12-17,13,Ordinary,Alex Warren,92,186964,album,11,2024-09-26,False,https://i.scdn.co/image/ab67616d0000b27342fe69c0e7e5c92f01ece8ce
2025-12-17,14,It's the Most Wonderful Time of the Year,Andy Williams,82,151000,album,12,1963-01-01,False,https://i.scdn.co/image/ab67616d0000b273585897779cf3591ba0f07650
2025-12-17,15,So Easy (To Fall In Love),Olivia Dean,95,169000,album,12,2025-09-26,False,https://i.scdn.co/image/ab67616d0000b2739a336bfb6d40bbd90a507417
2025-12-17,16,End of Beginning,Djo,94,159245,album,13,2022-09-16,False,https://i.scdn.co/image/ab67616d0000b273fddfffec51b4580acae727c1
2025-12-17,17,WHERE IS MY HUSBAND!,RAYE,95,196795,single,1,2025-09-19,False,https://i.scdn.co/image/ab67616d0000b2737cc8cee5c81409833e540974
2025-12-17,18,It's Beginning to Look a Lot like Christmas,Michael Bublé,86,206639,album,16,2011-10-24,False,https://i.scdn.co/image/ab67616d0000b27395517befb15ad5d63af701ab
2025-12-17,19,Every Breath You Take,The Police,93,253920,album,11,1983-06-17,False,https://i.scdn.co/image/ab67616d0000b273c8e97cafeb2acb85b21a777e
2025-12-17,20,CHANEL,Tyla,91,188059,single,1,2025-10-24,True,https://i.scdn.co/image/ab67616d0000b27336e063ca7f0b26f63515ca57
2025-12-17,21,Holly Jolly Christmas,Michael Bublé,86,119786,album,16,2011-10-24,False,https://i.scdn.co/image/ab67616d0000b27395517befb15ad5d63af701ab
2025-12-17,22,Sleigh Ride,The Ronettes,81,181266,compilation,15,2020-12-04,False,https://i.scdn.co/image/ab67616d0000b2731f0d5a8ff630fd5944c3936d
2025-12-17,23,Die With A Smile,"Lady Gaga, Bruno Mars",92,251667,single,1,2024-08-16,False,https://i.scdn.co/image/ab67616d0000b27382ea2e9e1858aa012c57cd45
2025-12-17,24,Feliz Navidad,José Feliciano,78,182306,album,23,2001-01-01,False,https://i.scdn.co/image/ab67616d0000b27357db4e3ca6a227ed612ad0b8
2025-12-17,25,BIRDS OF A FEATHER,Billie Eilish,95,210373,album,10,2024-05-17,False,https://i.scdn.co/image/ab67616d0000b27371d62ea7ea8a5be92d3c1f62
2025-12-17,26,Mistletoe,Justin Bieber,92,182946,album,15,2011-01-01,False,https://i.scdn.co/image/ab67616d0000b273af0aff7f601df9ed6d2d531d
2025-12-17,27,Cuando No Era Cantante,"El Bogueto, Yung Beef",91,211084,album,23,2024-09-26,True,https://i.scdn.co/image/ab67616d0000b27315110c9ad66e065592cc3496
2025-12-17,28,Opalite,Taylor Swift,95,235355,album,12,2025-10-03,False,https://i.scdn.co/image/ab67616d0000b273d7812467811a7da6e6a44902
2025-12-17,29,The Christmas Song (Merry Christmas To You),Nat King Cole,90,192160,album,19,1962-01-01,False,https://i.scdn.co/image/ab67616d0000b27330dc6027fd140c7ba68e900c
2025-12-17,30,Sailor Song,Gigi Perez,88,211978,single,1,2024-07-26,False,https://i.scdn.co/image/ab67616d0000b273e6065f209e0a01986206bd53
2025-12-17,31,Iris,The Goo Goo Dolls,93,289533,album,13,1998-01-01,False,https://i.scdn.co/image/ab67616d0000b273eda9478c39a21e1cdc6609ca
2025-12-17,32,Don’t Say You Love Me,Jin,88,180716,album,7,2025-05-16,False,https://i.scdn.co/image/ab67616d0000b27389228504f700641956e29f5d
2025-12-17,33,Gabriela,KATSEYE,94,197226,single,2,2025-06-20,False,https://i.scdn.co/image/ab67616d0000b273f8d4d00ffe09373efb13ce29
2025-12-17,34,DtMF,Bad Bunny,93,237117,album,17,2025-01-05,True,https://i.scdn.co/image/ab67616d0000b273bbd45c8d36e0e045ef640411
2025-12-17,35,Sedia Aku Sebelum Hujan,Idgitaf,86,230130,single,1,2025-10-08,False,https://i.scdn.co/image/ab67616d0000b2738dc8c573565969d55f9f3477
2025-12-17,36,"One Of The Girls (with JENNIE, Lily Rose Depp)","The Weeknd, JENNIE, Lily-Rose Depp",92,244684,single,3,2023-06-23,False,https://i.scdn.co/image/ab67616d0000b273b0dd6a5cd1dec96c4119c262
2025-12-17,37,Sweater Weather,The Neighbourhood,93,240400,album,11,2013-04-22,False,https://i.scdn.co/image/ab67616d0000b2738265a736a1eb838ad5a0b921
2025-12-17,38,BAILE INoLVIDABLE,Bad Bunny,92,367725,album,17,2025-01-05,True,https://i.scdn.co/image/ab67616d0000b273bbd45c8d36e0e045ef640411
2025-12-17,39,Christmas (Baby Please Come Home),Darlene Love,87,166453,compilation,15,2020-12-04,False,https://i.scdn.co/image/ab67616d0000b2734bd42504ca3569f71af64fc8
2025-12-17,40,Happy Xmas (War Is Over) - Remastered 2010,"John Lennon, Yoko Ono",90,214333,compilation,119,2010-10-05,False,https://i.scdn.co/image/ab67616d0000b27361a389971d7842d02b0623ab
2025-12-17,41,La Perla,"ROSALÍA, Yahritza Y Su Esencia",93,195546,album,15,2025-11-07,True,https://i.scdn.co/image/ab67616d0000b27393ee2e2f2dfb7de9befcc164
2025-12-17,42,The Night We Met,Lord Huron,90,208211,album,14,2015-04-06,False,https://i.scdn.co/image/ab67616d0000b27317875a0610c23d8946454583
2025-12-17,43,WILDFLOWER,Billie Eilish,93,261466,album,10,2024-05-17,False,https://i.scdn.co/image/ab67616d0000b27371d62ea7ea8a5be92d3c1f62
2025-12-17,44,Wonderful Christmastime - Edited Version / Remastered 2011,Paul McCartney,90,227653,album,19,1980-05-16,False,https://i.scdn.co/image/ab67616d0000b2733cef016d13d82873d45af84a
2025-12-17,45,Posso Até Não Te Dar Flores,"DJ Japa NK, MC Meno K, MC Ryan SP, Mc Jacaré, DJ DAVI DOGDOG",92,158769,single,1,2025-09-11,True,https://i.scdn.co/image/ab67616d0000b27303965d16104282739d6e0a58
2025-12-17,46,Lush Life,Zara Larsson,2,201122,single,1,2015-06-09,False,https://i.scdn.co/image/ab67616d0000b2736eaa0691ac9d790b41d21a91
2025-12-17,47,No Broke Boys,"Disco Lines, Tinashe",93,163994,single,1,2025-06-06,True,https://i.scdn.co/image/ab67616d0000b2735dcede7ece7b2cb72cee4eee
2025-12-17,48,Who,Jimin,87,170887,album,7,2024-07-19,False,https://i.scdn.co/image/ab67616d0000b273f02c451189a709b9a952aaec
2025-12-17,49,I Wanna Be Yours,Arctic Monkeys,92,183956,album,12,2013-09-09,False,https://i.scdn.co/image/ab67616d0000b2734ae1c4c5c45aabe565499163
2025-12-17,50,Creep,Radiohead,92,238640,album,12,1993-02-22,True,https://i.scdn.co/image/ab67616d0000b273ec548c00d3ac2f10be73366d
2025-12-18,1,The Fate of Ophelia,Taylor Swift,100,226073,album,12,2025-10-03,False,https://i.scdn.co/image/ab67616d0000b273d7812467811a7da6e6a44902
2025-12-18,2,Last Christmas,Wham!,96,262960,single,3,1984-11-29,False,https://i.scdn.co/image/ab67616d0000b273f2d2adaa21ad616df6241e7d
2025-12-18,3,All I Want for Christmas Is You,Mariah Carey,98,241562,album,10,1994-10-28,False,https://i.scdn.co/image/ab67616d0000b273c0862332847213b151ffab31
2025-12-18,4,Rockin' Around The Christmas Tree,Brenda Lee,96,126266,album,12,1964-10-19,False,https://i.scdn.co/image/ab67616d0000b2737845f74d6db14b400fa61cd3
2025-12-18,5,Jingle Bell Rock,Bobby Helms,94,130973,single,2,1957-12-02,False,https://i.scdn.co/image/ab67616d0000b273fd56f3c7a294f5cfe51c7b17
2025-12-18,6,Golden,"HUNTR/X, EJAE, AUDREY NUNA, REI AMI, KPop Demon Hunters Cast",98,194607,album,12,2025-06-20,False,https://i.scdn.co/image/ab67616d0000b2734dcb6c5df15cf74596ab25a4
2025-12-18,7,Man I Need,Olivia Dean,97,184000,single,3,2025-08-15,False,https://i.scdn.co/image/ab67616d0000b273e3d69e17dde129037a1f09e2
2025-12-18,8,Santa Tell Me,Ariana Grande,95,204093,single,1,2014-11-24,False,https://i.scdn.co/image/ab67616d0000b273a1db745e63940bc06985dea5
2025-12-18,9,back to friends,sombr,93,199032,single,1,2024-12-27,False,https://i.scdn.co/image/ab67616d0000b2739d24f74c1e2d8a12b1e591ec
2025-12-18,10,Snowman,Sia,94,165900,album,13,2018-11-01,False,https://i.scdn.co/image/ab67616d0000b273e8b11389352ddae61df3a93b
2025-12-18,11,Underneath the Tree,Kelly Clarkson,92,229638,album,16,2013-10-25,False,https://i.scdn.co/image/ab67616d0000b273c87992b7588879f66d192905
2025-12-18,12,Let It Snow! Let It Snow! Let It Snow!,Dean Martin,94,117146,album,12,1959-01-01,False,https://i.scdn.co/image/ab67616d0000b2736d88028a85c771f37374c8ea
2025-12-18,13,It's the Most Wonderful Time of the Year,Andy Williams,82,151000,album,12,1963-01-01,False,https://i.scdn.co/image/ab67616d0000b273585897779cf3591ba0f07650
2025-12-18,14,So Easy (To Fall In Love),Olivia Dean,95,169000,album,12,2025-09-26,False,https://i.scdn.co/image/ab67616d0000b2739a336bfb6d40bbd90a507417
2025-12-18,15,End of Beginning,Djo,94,159245,album,13,2022-09-16,False,https://i.scdn.co/image/ab67616d0000b273fddfffec51b4580acae727c1
2025-12-18,16,WHERE IS MY HUSBAND!,RAYE,95,196795,single,1,2025-09-19,False,https://i.scdn.co/image/ab67616d0000b2737cc8cee5c81409833e540974
2025-12-18,17,It's Beginning to Look a Lot like Christmas,Michael Bublé,86,206639,album,16,2011-10-24,False,https://i.scdn.co/image/ab67616d0000b27395517befb15ad5d63af701ab
2025-12-18,18,Ordinary,Alex Warren,92,186964,album,11,2024-09-26,False,https://i.scdn.co/image/ab67616d0000b27342fe69c0e7e5c92f01ece8ce
2025-12-18,19,Holly Jolly Christmas,Michael Bublé,86,119786,album,16,2011-10-24,False,https://i.scdn.co/image/ab67616d0000b27395517befb15ad5d63af701ab
2025-12-18,20,Sleigh Ride,The Ronettes,81,181266,compilation,15,2020-12-04,False,https://i.scdn.co/image/ab67616d0000b2731f0d5a8ff630fd5944c3936d
2025-12-18,21,CHANEL,Tyla,91,188059,single,1,2025-10-24,True,https://i.scdn.co/image/ab67616d0000b27336e063ca7f0b26f63515ca57
2025-12-18,22,Feliz Navidad,José Feliciano,79,182306,album,23,2001-01-01,False,https://i.scdn.co/image/ab67616d0000b27357db4e3ca6a227ed612ad0b8
2025-12-18,23,Die With A Smile,"Lady Gaga, Bruno Mars",92,251667,single,1,2024-08-16,False,https://i.scdn.co/image/ab67616d0000b27382ea2e9e1858aa012c57cd45
2025-12-18,24,BIRDS OF A FEATHER,Billie Eilish,95,210373,album,10,2024-05-17,False,https://i.scdn.co/image/ab67616d0000b27371d62ea7ea8a5be92d3c1f62
2025-12-18,25,Cuando No Era Cantante,"El Bogueto, Yung Beef",91,211084,album,23,2024-09-26,True,https://i.scdn.co/image/ab67616d0000b27315110c9ad66e065592cc3496
2025-12-18,26,Mistletoe,Justin Bieber,92,182946,album,15,2011-01-01,False,https://i.scdn.co/image/ab67616d0000b273af0aff7f601df9ed6d2d531d
2025-12-18,27,Every Breath You Take,The Police,93,253920,album,11,1983-06-17,False,https://i.scdn.co/image/ab67616d0000b273c8e97cafeb2acb85b21a777e
2025-12-18,28,Opalite,Taylor Swift,95,235355,album,12,2025-10-03,False,https://i.scdn.co/image/ab67616d0000b273d7812467811a7da6e6a44902
2025-12-18,29,The Christmas Song (Merry Christmas To You),Nat King Cole,90,192160,album,19,1962-01-01,False,https://i.scdn.co/image/ab67616d0000b27330dc6027fd140c7ba68e900c
2025-12-18,30,BAILE INoLVIDABLE,Bad Bunny,92,367725,album,17,2025-01-05,True,https://i.scdn.co/image/ab67616d0000b273bbd45c8d36e0e045ef640411
2025-12-18,31,Iris,The Goo Goo Dolls,93,289533,album,13,1998-01-01,False,https://i.scdn.co/image/ab67616d0000b273eda9478c39a21e1cdc6609ca
2025-12-18,32,Gabriela,KATSEYE,94,197226,single,2,2025-06-20,False,https://i.scdn.co/image/ab67616d0000b273f8d4d00ffe09373efb13ce29
2025-12-18,33,DtMF,Bad Bunny,93,237117,album,17,2025-01-05,True,https://i.scdn.co/image/ab67616d0000b273bbd45c8d36e0e045ef640411
2025-12-18,34,Don’t Say You Love Me,Jin,88,180716,album,7,2025-05-16,False,https://i.scdn.co/image/ab67616d0000b27389228504f700641956e29f5d
2025-12-18,35,Sweater Weather,The Neighbourhood,93,240400,album,11,2013-04-22,False,https://i.scdn.co/image/ab67616d0000b2738265a736a1eb838ad5a0b921
2025-12-18,36,Sailor Song,Gigi Perez,88,211978,single,1,2024-07-26,False,https://i.scdn.co/image/ab67616d0000b273e6065f209e0a01986206bd53
2025-12-18,37,La Perla,"ROSALÍA, Yahritza Y Su Esencia",93,195546,album,15,2025-11-07,True,https://i.scdn.co/image/ab67616d0000b27393ee2e2f2dfb7de9befcc164
2025-12-18,38,Happy Xmas (War Is Over) - Remastered 2010,"John Lennon, Yoko Ono",90,214333,compilation,119,2010-10-05,False,https://i.scdn.co/image/ab67616d0000b27361a389971d7842d02b0623ab
2025-12-18,39,Sedia Aku Sebelum Hujan,Idgitaf,86,230130,single,1,2025-10-08,False,https://i.scdn.co/image/ab67616d0000b2738dc8c573565969d55f9f3477
2025-12-18,40,Christmas (Baby Please Come Home),Darlene Love,87,166453,compilation,15,2020-12-04,False,https://i.scdn.co/image/ab67616d0000b2734bd42504ca3569f71af64fc8
2025-12-18,41,Creep,Radiohead,92,238640,album,12,1993-02-22,True,https://i.scdn.co/image/ab67616d0000b273ec548c00d3ac2f10be73366d
2025-12-18,42,"One Of The Girls (with JENNIE, Lily Rose Depp)","The Weeknd, JENNIE, Lily-Rose Depp",93,244684,single,3,2023-06-23,False,https://i.scdn.co/image/ab67616d0000b273b0dd6a5cd1dec96c4119c262
2025-12-18,43,Wonderful Christmastime - Edited Version / Remastered 2011,Paul McCartney,90,227653,album,19,1980-05-16,False,https://i.scdn.co/image/ab67616d0000b2733cef016d13d82873d45af84a
2025-12-18,44,WILDFLOWER,Billie Eilish,93,261466,album,10,2024-05-17,False,https://i.scdn.co/image/ab67616d0000b27371d62ea7ea8a5be92d3c1f62
2025-12-18,45,Who,Jimin,87,170887,album,7,2024-07-19,False,https://i.scdn.co/image/ab67616d0000b273f02c451189a709b9a952aaec
2025-12-18,46,Posso Até Não Te Dar Flores,"DJ Japa NK, MC Meno K, MC Ryan SP, Mc Jacaré, DJ DAVI DOGDOG",92,158769,single,1,2025-09-11,True,https://i.scdn.co/image/ab67616d0000b27303965d16104282739d6e0a58
2025-12-18,47,No Broke Boys,"Disco Lines, Tinashe",93,163994,single,1,2025-06-06,True,https://i.scdn.co/image/ab67616d0000b2735dcede7ece7b2cb72cee4eee
2025-12-18,48,I Wanna Be Yours,Arctic Monkeys,92,183956,album,12,2013-09-09,False,https://i.scdn.co/image/ab67616d0000b2734ae1c4c5c45aabe565499163
2025-12-18,49,Yellow,Coldplay,92,266773,album,10,2000-07-10,False,https://i.scdn.co/image/ab67616d0000b2739164bafe9aaa168d93f4816a
2025-12-18,50,Starboy,"The Weeknd, Daft Punk",91,230453,album,18,2016-11-25,True,https://i.scdn.co/image/ab67616d0000b2734718e2b124f79258be7bc452
2025-12-19,1,The Fate of Ophelia,Taylor Swift,100,226073,album,12,2025-10-03,False,https://i.scdn.co/image/ab67616d0000b273d7812467811a7da6e6a44902
2025-12-19,2,Last Christmas,Wham!,96,262960,single,3,1984-11-29,False,https://i.scdn.co/image/ab67616d0000b273f2d2adaa21ad616df6241e7d
2025-12-19,3,All I Want for Christmas Is You,Mariah Carey,98,241562,album,10,1994-10-28,False,https://i.scdn.co/image/ab67616d0000b273c0862332847213b151ffab31
2025-12-19,4,Rockin' Around The Christmas Tree,Brenda Lee,97,126266,album,12,1964-10-19,False,https://i.scdn.co/image/ab67616d0000b2737845f74d6db14b400fa61cd3
2025-12-19,5,Jingle Bell Rock,Bobby Helms,94,130973,single,2,1957-12-02,False,https://i.scdn.co/image/ab67616d0000b273fd56f3c7a294f5cfe51c7b17
2025-12-19,6,Santa Tell Me,Ariana Grande,95,204093,single,1,2014-11-24,False,https://i.scdn.co/image/ab67616d0000b273a1db745e63940bc06985dea5
2025-12-19,7,Golden,"HUNTR/X, EJAE, AUDREY NUNA, REI AMI, KPop Demon Hunters Cast",98,194607,album,12,2025-06-20,False,https://i.scdn.co/image/ab67616d0000b2734dcb6c5df15cf74596ab25a4
2025-12-19,8,Man I Need,Olivia Dean,97,184000,single,3,2025-08-15,False,https://i.scdn.co/image/ab67616d0000b273e3d69e17dde129037a1f09e2
2025-12-19,9,back to friends,sombr,93,199032,single,1,2024-12-27,False,https://i.scdn.co/image/ab67616d0000b2739d24f74c1e2d8a12b1e591ec
2025-12-19,10,Snowman,Sia,94,165900,album,13,2018-11-01,False,https://i.scdn.co/image/ab67616d0000b273e8b11389352ddae61df3a93b
2025-12-19,11,Underneath the Tree,Kelly Clarkson,92,229638,album,16,2013-10-25,False,https://i.scdn.co/image/ab67616d0000b273c87992b7588879f66d192905
2025-12-19,12,Let It Snow! Let It Snow! Let It Snow!,Dean Martin,94,117146,album,12,1959-01-01,False,https://i.scdn.co/image/ab67616d0000b2736d88028a85c771f37374c8ea
2025-12-19,13,It's the Most Wonderful Time of the Year,Andy Williams,82,151000,album,12,1963-01-01,False,https://i.scdn.co/image/ab67616d0000b273585897779cf3591ba0f07650
2025-12-19,14,WHERE IS MY HUSBAND!,RAYE,95,196795,single,1,2025-09-19,False,https://i.scdn.co/image/ab67616d0000b2737cc8cee5c81409833e540974
2025-12-19,15,It's Beginning to Look a Lot like Christmas,Michael Bublé,86,206639,album,16,2011-10-24,False,https://i.scdn.co/image/ab67616d0000b27395517befb15ad5d63af701ab
2025-12-19,16,So Easy (To Fall In Love),Olivia Dean,96,169000,album,12,2025-09-26,False,https://i.scdn.co/image/ab67616d0000b2739a336bfb6d40bbd90a507417
2025-12-19,17,End of Beginning,Djo,94,159245,album,13,2022-09-16,False,https://i.scdn.co/image/ab67616d0000b273fddfffec51b4580acae727c1
2025-12-19,18,Ordinary,Alex Warren,92,186964,album,11,2024-09-26,False,https://i.scdn.co/image/ab67616d0000b27342fe69c0e7e5c92f01ece8ce
2025-12-19,19,Mistletoe,Justin Bieber,92,182946,album,15,2011-01-01,False,https://i.scdn.co/image/ab67616d0000b273af0aff7f601df9ed6d2d531d
2025-12-19,20,Feliz Navidad,José Feliciano,79,182306,album,23,2001-01-01,False,https://i.scdn.co/image/ab67616d0000b27357db4e3ca6a227ed612ad0b8
2025-12-19,21,CHANEL,Tyla,91,188059,single,1,2025-10-24,True,https://i.scdn.co/image/ab67616d0000b27336e063ca7f0b26f63515ca57
2025-12-19,22,Holly Jolly Christmas,Michael Bublé,86,119786,album,16,2011-10-24,False,https://i.scdn.co/image/ab67616d0000b27395517befb15ad5d63af701ab
2025-12-19,23,Sleigh Ride,The Ronettes,81,181266,compilation,15,2020-12-04,False,https://i.scdn.co/image/ab67616d0000b2731f0d5a8ff630fd5944c3936d
2025-12-19,24,The Christmas Song (Merry Christmas To You),Nat King Cole,90,192160,album,19,1962-01-01,False,https://i.scdn.co/image/ab67616d0000b27330dc6027fd140c7ba68e900c
2025-12-19,25,BIRDS OF A FEATHER,Billie Eilish,95,210373,album,10,2024-05-17,False,https://i.scdn.co/image/ab67616d0000b27371d62ea7ea8a5be92d3c1f62
2025-12-19,26,Die With A Smile,"Lady Gaga, Bruno Mars",92,251667,single,1,2024-08-16,False,https://i.scdn.co/image/ab67616d0000b27382ea2e9e1858aa012c57cd45
2025-12-19,27,Cuando No Era Cantante,"El Bogueto, Yung Beef",91,211084,album,23,2024-09-26,True,https://i.scdn.co/image/ab67616d0000b27315110c9ad66e065592cc3496
2025-12-19,28,Opalite,Taylor Swift,95,235355,album,12,2025-10-03,False,https://i.scdn.co/image/ab67616d0000b273d7812467811a7da6e6a44902
2025-12-19,29,Every Breath You Take,The Police,93,253920,album,11,1983-06-17,False,https://i.scdn.co/image/ab67616d0000b273c8e97cafeb2acb85b21a777e
2025-12-19,30,Iris,The Goo Goo Dolls,93,289533,album,13,1998-01-01,False,https://i.scdn.co/image/ab67616d0000b273eda9478c39a21e1cdc6609ca
2025-12-19,31,BAILE INoLVIDABLE,Bad Bunny,92,367725,album,17,2025-01-05,True,https://i.scdn.co/image/ab67616d0000b273bbd45c8d36e0e045ef640411
2025-12-19,32,DtMF,Bad Bunny,93,237117,album,17,2025-01-05,True,https://i.scdn.co/image/ab67616d0000b273bbd45c8d36e0e045ef640411
2025-12-19,33,Sailor Song,Gigi Perez,88,211978,single,1,2024-07-26,False,https://i.scdn.co/image/ab67616d0000b273e6065f209e0a01986206bd53
2025-12-19,34,Christmas (Baby Please Come Home),Darlene Love,88,166453,compilation,15,2020-12-04,False,https://i.scdn.co/image/ab67616d0000b2734bd42504ca3569f71af64fc8
2025-12-19,35,Don’t Say You Love Me,Jin,88,180716,album,7,2025-05-16,False,https://i.scdn.co/image/ab67616d0000b27389228504f700641956e29f5d
2025-12-19,36,Sedia Aku Sebelum Hujan,Idgitaf,86,230130,single,1,2025-10-08,False,https://i.scdn.co/image/ab67616d0000b2738dc8c573565969d55f9f3477
2025-12-19,37,Gabriela,KATSEYE,94,197226,single,2,2025-06-20,False,https://i.scdn.co/image/ab67616d0000b273f8d4d00ffe09373efb13ce29
2025-12-19,38,La Perla,"ROSALÍA, Yahritza Y Su Esencia",93,195546,album,15,2025-11-07,True,https://i.scdn.co/image/ab67616d0000b27393ee2e2f2dfb7de9befcc164
2025-12-19,39,Happy Xmas (War Is Over) - Remastered 2010,"John Lennon, Yoko Ono",91,214333,compilation,119,2010-10-05,False,https://i.scdn.co/image/ab67616d0000b27361a389971d7842d02b0623ab
2025-12-19,40,Cuando No Era Cantante - Remix,"El Bogueto, Anuel AA, Fuerza Regida, Yung Beef",81,327488,single,1,2025-12-10,True,https://i.scdn.co/image/ab67616d0000b27376ca2bb969e79a911090df63
2025-12-19,41,"One Of The Girls (with JENNIE, Lily Rose Depp)","The Weeknd, JENNIE, Lily-Rose Depp",93,244684,single,3,2023-06-23,False,https://i.scdn.co/image/ab67616d0000b273b0dd6a5cd1dec96c4119c262
2025-12-19,42,Wonderful Christmastime - Edited Version / Remastered 2011,Paul McCartney,90,227653,album,19,1980-05-16,False,https://i.scdn.co/image/ab67616d0000b2733cef016d13d82873d45af84a
2025-12-19,43,Sweater Weather,The Neighbourhood,93,240400,album,11,2013-04-22,False,https://i.scdn.co/image/ab67616d0000b2738265a736a1eb838ad5a0b921
2025-12-19,44,Creep,Radiohead,92,238640,album,12,1993-02-22,True,https://i.scdn.co/image/ab67616d0000b273ec548c00d3ac2f10be73366d
2025-12-19,45,Who,Jimin,87,170887,album,7,2024-07-19,False,https://i.scdn.co/image/ab67616d0000b273f02c451189a709b9a952aaec
2025-12-19,46,WILDFLOWER,Billie Eilish,93,261466,album,10,2024-05-17,False,https://i.scdn.co/image/ab67616d0000b27371d62ea7ea8a5be92d3c1f62
2025-12-19,47,No Broke Boys,"Disco Lines, Tinashe",93,163994,single,1,2025-06-06,True,https://i.scdn.co/image/ab67616d0000b2735dcede7ece7b2cb72cee4eee
2025-12-19,48,Posso Até Não Te Dar Flores,"DJ Japa NK, MC Meno K, MC Ryan SP, Mc Jacaré, DJ DAVI DOGDOG",92,158769,single,1,2025-09-11,True,https://i.scdn.co/image/ab67616d0000b27303965d16104282739d6e0a58
2025-12-19,49,I Wanna Be Yours,Arctic Monkeys,92,183956,album,12,2013-09-09,False,https://i.scdn.co/image/ab67616d0000b2734ae1c4c5c45aabe565499163
2025-12-19,50,The Night We Met,Lord Huron,91,208211,album,14,2015-04-06,False,https://i.scdn.co/image/ab67616d0000b27317875a0610c23d8946454583
2025-12-20,1,The Fate of Ophelia,Taylor Swift,100,226073,album,12,2025-10-03,False,https://i.scdn.co/image/ab67616d0000b273d7812467811a7da6e6a44902
2025-12-20,2,Last Christmas,Wham!,97,262960,single,3,1984-11-29,False,https://i.scdn.co/image/ab67616d0000b273f2d2adaa21ad616df6241e7d
2025-12-20,3,All I Want for Christmas Is You,Mariah Carey,98,241562,album,10,1994-10-28,False,https://i.scdn.co/image/ab67616d0000b273c0862332847213b151ffab31
2025-12-20,4,Rockin' Around The Christmas Tree,Brenda Lee,97,126266,album,12,1964-10-19,False,https://i.scdn.co/image/ab67616d0000b2737845f74d6db14b400fa61cd3
2025-12-20,5,Jingle Bell Rock,Bobby Helms,95,130973,single,2,1957-12-02,False,https://i.scdn.co/image/ab67616d0000b273fd56f3c7a294f5cfe51c7b17
2025-12-20,6,Santa Tell Me,Ariana Grande,95,204093,single,1,2014-11-24,False,https://i.scdn.co/image/ab67616d0000b273a1db745e63940bc06985dea5
2025-12-20,7,Golden,"HUNTR/X, EJAE, AUDREY NUNA, REI AMI, KPop Demon Hunters Cast",98,194607,album,12,2025-06-20,False,https://i.scdn.co/image/ab67616d0000b2734dcb6c5df15cf74596ab25a4
2025-12-20,8,Man I Need,Olivia Dean,97,184000,single,3,2025-08-15,False,https://i.scdn.co/image/ab67616d0000b273e3d69e17dde129037a1f09e2
2025-12-20,9,Snowman,Sia,94,165900,album,13,2018-11-01,False,https://i.scdn.co/image/ab67616d0000b273e8b11389352ddae61df3a93b
2025-12-20,10,back to friends,sombr,93,199032,single,1,2024-12-27,False,https://i.scdn.co/image/ab67616d0000b2739d24f74c1e2d8a12b1e591ec
2025-12-20,11,Underneath the Tree,Kelly Clarkson,92,229638,album,16,2013-10-25,False,https://i.scdn.co/image/ab67616d0000b273c87992b7588879f66d192905
2025-12-20,12,Let It Snow! Let It Snow! Let It Snow!,Dean Martin,94,117146,album,12,1959-01-01,False,https://i.scdn.co/image/ab67616d0000b2736d88028a85c771f37374c8ea
2025-12-20,13,It's the Most Wonderful Time of the Year,Andy Williams,82,151000,album,12,1963-01-01,False,https://i.scdn.co/image/ab67616d0000b273585897779cf3591ba0f07650
2025-12-20,14,It's Beginning to Look a Lot like Christmas,Michael Bublé,87,206639,album,16,2011-10-24,False,https://i.scdn.co/image/ab67616d0000b27395517befb15ad5d63af701ab
2025-12-20,15,WHERE IS MY HUSBAND!,RAYE,95,196795,single,1,2025-09-19,False,https://i.scdn.co/image/ab67616d0000b2737cc8cee5c81409833e540974
2025-12-20,16,So Easy (To Fall In Love),Olivia Dean,96,169000,album,12,2025-09-26,False,https://i.scdn.co/image/ab67616d0000b2739a336bfb6d40bbd90a507417
2025-12-20,17,Ordinary,Alex Warren,92,186964,album,11,2024-09-26,False,https://i.scdn.co/image/ab67616d0000b27342fe69c0e7e5c92f01ece8ce
2025-12-20,18,Mistletoe,Justin Bieber,92,182946,album,15,2011-01-01,False,https://i.scdn.co/image/ab67616d0000b273af0aff7f601df9ed6d2d531d
2025-12-20,19,Feliz Navidad,José Feliciano,79,182306,album,23,2001-01-01,False,https://i.scdn.co/image/ab67616d0000b27357db4e3ca6a227ed612ad0b8
2025-12-20,20,Holly Jolly Christmas,Michael Bublé,87,119786,album,16,2011-10-24,False,https://i.scdn.co/image/ab67616d0000b27395517befb15ad5d63af701ab
2025-12-20,21,Sleigh Ride,The Ronettes,82,181266,compilation,15,2020-12-04,False,https://i.scdn.co/image/ab67616d0000b2731f0d5a8ff630fd5944c3936d
2025-12-20,22,CHANEL,Tyla,91,188059,single,1,2025-10-24,True,https://i.scdn.co/image/ab67616d0000b27336e063ca7f0b26f63515ca57
2025-12-20,23,End of Beginning,Djo,94,159245,album,13,2022-09-16,False,https://i.scdn.co/image/ab67616d0000b273fddfffec51b4580acae727c1
2025-12-20,24,The Christmas Song (Merry Christmas To You),Nat King Cole,90,192160,album,19,1962-01-01,False,https://i.scdn.co/image/ab67616d0000b27330dc6027fd140c7ba68e900c
2025-12-20,25,Every Breath You Take,The Police,93,253920,album,11,1983-06-17,False,https://i.scdn.co/image/ab67616d0000b273c8e97cafeb2acb85b21a777e
2025-12-20,26,Cuando No Era Cantante,"El Bogueto, Yung Beef",91,211084,album,23,2024-09-26,True,https://i.scdn.co/image/ab67616d0000b27315110c9ad66e065592cc3496
2025-12-20,27,BIRDS OF A FEATHER,Billie Eilish,95,210373,album,10,2024-05-17,False,https://i.scdn.co/image/ab67616d0000b27371d62ea7ea8a5be92d3c1f62
2025-12-20,28,Die With A Smile,"Lady Gaga, Bruno Mars",92,251667,single,1,2024-08-16,False,https://i.scdn.co/image/ab67616d0000b27382ea2e9e1858aa012c57cd45
2025-12-20,29,Opalite,Taylor Swift,95,235355,album,12,2025-10-03,False,https://i.scdn.co/image/ab67616d0000b273d7812467811a7da6e6a44902
2025-12-20,30,Christmas (Baby Please Come Home),Darlene Love,88,166453,compilation,15,2020-12-04,False,https://i.scdn.co/image/ab67616d0000b2734bd42504ca3569f71af64fc8
2025-12-20,31,Iris,The Goo Goo Dolls,93,289533,album,13,1998-01-01,False,https://i.scdn.co/image/ab67616d0000b273eda9478c39a21e1cdc6609ca
2025-12-20,32,BAILE INoLVIDABLE,Bad Bunny,92,367725,album,17,2025-01-05,True,https://i.scdn.co/image/ab67616d0000b273bbd45c8d36e0e045ef640411
2025-12-20,33,Happy Xmas (War Is Over) - Remastered 2010,"John Lennon, Yoko Ono",91,214333,compilation,119,2010-10-05,False,https://i.scdn.co/image/ab67616d0000b27361a389971d7842d02b0623ab
2025-12-20,34,DtMF,Bad Bunny,93,237117,album,17,2025-01-05,True,https://i.scdn.co/image/ab67616d0000b273bbd45c8d36e0e045ef640411
2025-12-20,35,Cuando No Era Cantante - Remix,"El Bogueto, Anuel AA, Fuerza Regida, Yung Beef",82,327488,single,1,2025-12-10,True,https://i.scdn.co/image/ab67616d0000b27376ca2bb969e79a911090df63
2025-12-20,36,Wonderful Christmastime - Edited Version / Remastered 2011,Paul McCartney,91,227653,album,19,1980-05-16,False,https://i.scdn.co/image/ab67616d0000b2733cef016d13d82873d45af84a
2025-12-20,37,Sailor Song,Gigi Perez,88,211978,single,1,2024-07-26,False,https://i.scdn.co/image/ab67616d0000b273e6065f209e0a01986206bd53
2025-12-20,38,Sedia Aku Sebelum Hujan,Idgitaf,87,230130,single,1,2025-10-08,False,https://i.scdn.co/image/ab67616d0000b2738dc8c573565969d55f9f3477
2025-12-20,39,Don’t Say You Love Me,Jin,88,180716,album,7,2025-05-16,False,https://i.scdn.co/image/ab67616d0000b27389228504f700641956e29f5d
2025-12-20,40,Lush Life,Zara Larsson,2,201122,single,1,2015-06-09,False,https://i.scdn.co/image/ab67616d0000b2736eaa0691ac9d790b41d21a91
2025-12-20,41,La Perla,"ROSALÍA, Yahritza Y Su Esencia",93,195546,album,15,2025-11-07,True,https://i.scdn.co/image/ab67616d0000b27393ee2e2f2dfb7de9befcc164
2025-12-20,42,Gabriela,KATSEYE,94,197226,single,2,2025-06-20,False,https://i.scdn.co/image/ab67616d0000b273f8d4d00ffe09373efb13ce29
2025-12-20,43,Sweater Weather,The Neighbourhood,93,240400,album,11,2013-04-22,False,https://i.scdn.co/image/ab67616d0000b2738265a736a1eb838ad5a0b921
2025-12-20,44,No Broke Boys,"Disco Lines, Tinashe",93,163994,single,1,2025-06-06,True,https://i.scdn.co/image/ab67616d0000b2735dcede7ece7b2cb72cee4eee
2025-12-20,45,"One Of The Girls (with JENNIE, Lily Rose Depp)","The Weeknd, JENNIE, Lily-Rose Depp",93,244684,single,3,2023-06-23,False,https://i.scdn.co/image/ab67616d0000b273b0dd6a5cd1dec96c4119c262
2025-12-20,46,Merry Christmas Everyone,Shakin' Stevens,89,220160,album,13,1991-11-25,False,https://i.scdn.co/image/ab67616d0000b273d962f3b4235f8c6429a829fb
2025-12-20,47,Posso Até Não Te Dar Flores,"DJ Japa NK, MC Meno K, MC Ryan SP, Mc Jacaré, DJ DAVI DOGDOG",92,158769,single,1,2025-09-11,True,https://i.scdn.co/image/ab67616d0000b27303965d16104282739d6e0a58
2025-12-20,48,Creep,Radiohead,92,238640,album,12,1993-02-22,True,https://i.scdn.co/image/ab67616d0000b273ec548c00d3ac2f10be73366d
2025-12-20,49,WILDFLOWER,Billie Eilish,93,261466,album,10,2024-05-17,False,https://i.scdn.co/image/ab67616d0000b27371d62ea7ea8a5be92d3c1f62
2025-12-20,50,Who,Jimin,87,170887,album,7,2024-07-19,False,https://i.scdn.co/image/ab67616d0000b273f02c451189a709b9a952aaec
2025-12-21,1,Last Christmas,Wham!,97,262960,single,3,1984-11-29,False,https://i.scdn.co/image/ab67616d0000b273f2d2adaa21ad616df6241e7d
2025-12-21,2,All I Want for Christmas Is You,Mariah Carey,98,241562,album,10,1994-10-28,False,https://i.scdn.co/image/ab67616d0000b273c0862332847213b151ffab31
2025-12-21,3,Rockin' Around The Christmas Tree,Brenda Lee,97,126266,album,12,1964-10-19,False,https://i.scdn.co/image/ab67616d0000b2737845f74d6db14b400fa61cd3
2025-12-21,4,The Fate of Ophelia,Taylor Swift,100,226073,album,12,2025-10-03,False,https://i.scdn.co/image/ab67616d0000b273d7812467811a7da6e6a44902
2025-12-21,5,Jingle Bell Rock,Bobby Helms,95,130973,single,2,1957-12-02,False,https://i.scdn.co/image/ab67616d0000b273fd56f3c7a294f5cfe51c7b17
2025-12-21,6,Santa Tell Me,Ariana Grande,96,204093,single,1,2014-11-24,False,https://i.scdn.co/image/ab67616d0000b273a1db745e63940bc06985dea5
2025-12-21,7,Underneath the Tree,Kelly Clarkson,92,229638,album,16,2013-10-25,False,https://i.scdn.co/image/ab67616d0000b273c87992b7588879f66d192905
2025-12-21,8,Let It Snow! Let It Snow! Let It Snow!,Dean Martin,94,117146,album,12,1959-01-01,False,https://i.scdn.co/image/ab67616d0000b2736d88028a85c771f37374c8ea
2025-12-21,9,Snowman,Sia,95,165900,album,13,2018-11-01,False,https://i.scdn.co/image/ab67616d0000b273e8b11389352ddae61df3a93b
2025-12-21,10,Golden,"HUNTR/X, EJAE, AUDREY NUNA, REI AMI, KPop Demon Hunters Cast",98,194607,album,12,2025-06-20,False,https://i.scdn.co/image/ab67616d0000b2734dcb6c5df15cf74596ab25a4
2025-12-21,11,It's the Most Wonderful Time of the Year,Andy Williams,82,151000,album,12,1963-01-01,False,https://i.scdn.co/image/ab67616d0000b273585897779cf3591ba0f07650
2025-12-21,12,It's Beginning to Look a Lot like Christmas,Michael Bublé,87,206639,album,16,2011-10-24,False,https://i.scdn.co/image/ab67616d0000b27395517befb15ad5d63af701ab
2025-12-21,13,Man I Need,Olivia Dean,97,184000,single,3,2025-08-15,False,https://i.scdn.co/image/ab67616d0000b273e3d69e17dde129037a1f09e2
2025-12-21,14,Holly Jolly Christmas,Michael Bublé,87,119786,album,16,2011-10-24,False,https://i.scdn.co/image/ab67616d0000b27395517befb15ad5d63af701ab
2025-12-21,15,Feliz Navidad,José Feliciano,79,182306,album,23,2001-01-01,False,https://i.scdn.co/image/ab67616d0000b27357db4e3ca6a227ed612ad0b8
2025-12-21,16,back to friends,sombr,93,199032,single,1,2024-12-27,False,https://i.scdn.co/image/ab67616d0000b2739d24f74c1e2d8a12b1e591ec
2025-12-21,17,Mistletoe,Justin Bieber,92,182946,album,15,2011-01-01,False,https://i.scdn.co/image/ab67616d0000b273af0aff7f601df9ed6d2d531d
2025-12-21,18,Sleigh Ride,The Ronettes,82,181266,compilation,15,2020-12-04,False,https://i.scdn.co/image/ab67616d0000b2731f0d5a8ff630fd5944c3936d
2025-12-21,19,The Christmas Song (Merry Christmas To You),Nat King Cole,91,192160,album,19,1962-01-01,False,https://i.scdn.co/image/ab67616d0000b27330dc6027fd140c7ba68e900c
2025-12-21,20,WHERE IS MY HUSBAND!,RAYE,95,196795,single,1,2025-09-19,False,https://i.scdn.co/image/ab67616d0000b2737cc8cee5c81409833e540974
2025-12-21,21,Ordinary,Alex Warren,92,186964,album,11,2024-09-26,False,https://i.scdn.co/image/ab67616d0000b27342fe69c0e7e5c92f01ece8ce
2025-12-21,22,End of Beginning,Djo,94,159245,album,13,2022-09-16,False,https://i.scdn.co/image/ab67616d0000b273fddfffec51b4580acae727c1
2025-12-21,23,So Easy (To Fall In Love),Olivia Dean,96,169000,album,12,2025-09-26,False,https://i.scdn.co/image/ab67616d0000b2739a336bfb6d40bbd90a507417
2025-12-21,24,CHANEL,Tyla,91,188059,single,1,2025-10-24,True,https://i.scdn.co/image/ab67616d0000b27336e063ca7f0b26f63515ca57
2025-12-21,25,Every Breath You Take,The Police,93,253920,album,11,1983-06-17,False,https://i.scdn.co/image/ab67616d0000b273c8e97cafeb2acb85b21a777e
2025-12-21,26,Happy Xmas (War Is Over) - Remastered 2010,"John Lennon, Yoko Ono",91,214333,compilation,119,2010-10-05,False,https://i.scdn.co/image/ab67616d0000b27361a389971d7842d02b0623ab
2025-12-21,27,Christmas (Baby Please Come Home),Darlene Love,88,166453,compilation,15,2020-12-04,False,https://i.scdn.co/image/ab67616d0000b2734bd42504ca3569f71af64fc8
2025-12-21,28,BIRDS OF A FEATHER,Billie Eilish,95,210373,album,10,2024-05-17,False,https://i.scdn.co/image/ab67616d0000b27371d62ea7ea8a5be92d3c1f62
2025-12-21,29,Wonderful Christmastime - Edited Version / Remastered 2011,Paul McCartney,91,227653,album,19,1980-05-16,False,https://i.scdn.co/image/ab67616d0000b2733cef016d13d82873d45af84a
2025-12-21,30,Die With A Smile,"Lady Gaga, Bruno Mars",92,251667,single,1,2024-08-16,False,https://i.scdn.co/image/ab67616d0000b27382ea2e9e1858aa012c57cd45
2025-12-21,31,Cuando No Era Cantante,"El Bogueto, Yung Beef",91,211084,album,23,2024-09-26,True,https://i.scdn.co/image/ab67616d0000b27315110c9ad66e065592cc3496
2025-12-21,32,Merry Christmas Everyone,Shakin' Stevens,89,220160,album,13,1991-11-25,False,https://i.scdn.co/image/ab67616d0000b273d962f3b4235f8c6429a829fb
2025-12-21,33,BAILE INoLVIDABLE,Bad Bunny,92,367725,album,17,2025-01-05,True,https://i.scdn.co/image/ab67616d0000b273bbd45c8d36e0e045ef640411
2025-12-21,34,Opalite,Taylor Swift,95,235355,album,12,2025-10-03,False,https://i.scdn.co/image/ab67616d0000b273d7812467811a7da6e6a44902
2025-12-21,35,DtMF,Bad Bunny,93,237117,album,17,2025-01-05,True,https://i.scdn.co/image/ab67616d0000b273bbd45c8d36e0e045ef640411
2025-12-21,36,Cuando No Era Cantante - Remix,"El Bogueto, Anuel AA, Fuerza Regida, Yung Beef",83,327488,single,1,2025-12-10,True,https://i.scdn.co/image/ab67616d0000b27376ca2bb969e79a911090df63
2025-12-21,37,Sailor Song,Gigi Perez,88,211978,single,1,2024-07-26,False,https://i.scdn.co/image/ab67616d0000b273e6065f209e0a01986206bd53
2025-12-21,38,Do They Know It's Christmas? - 1984 Version,Band Aid,73,222533,single,2,2004-01-01,False,https://i.scdn.co/image/ab67616d0000b2732f77772e5c981e44fc347e22
2025-12-21,39,Lush Life,Zara Larsson,2,201122,single,1,2015-06-09,False,https://i.scdn.co/image/ab67616d0000b2736eaa0691ac9d790b41d21a91
2025-12-21,40,Iris,The Goo Goo Dolls,93,289533,album,13,1998-01-01,False,https://i.scdn.co/image/ab67616d0000b273eda9478c39a21e1cdc6609ca
2025-12-21,41,Driving Home for Christmas - 2019 Remaster,Chris Rea,83,241626,album,28,1987-08-02,False,https://i.scdn.co/image/ab67616d0000b2736d621c2d5114cc41c96b376a
2025-12-21,42,Posso Até Não Te Dar Flores,"DJ Japa NK, MC Meno K, MC Ryan SP, Mc Jacaré, DJ DAVI DOGDOG",92,158769,single,1,2025-09-11,True,https://i.scdn.co/image/ab67616d0000b27303965d16104282739d6e0a58
2025-12-21,43,Gabriela,KATSEYE,93,197226,single,2,2025-06-20,False,https://i.scdn.co/image/ab67616d0000b273f8d4d00ffe09373efb13ce29
2025-12-21,44,Sedia Aku Sebelum Hujan,Idgitaf,87,230130,single,1,2025-10-08,False,https://i.scdn.co/image/ab67616d0000b2738dc8c573565969d55f9f3477
2025-12-21,45,La Perla,"ROSALÍA, Yahritza Y Su Esencia",93,195546,album,15,2025-11-07,True,https://i.scdn.co/image/ab67616d0000b27393ee2e2f2dfb7de9befcc164
2025-12-21,46,No Broke Boys,"Disco Lines, Tinashe",93,163994,single,1,2025-06-06,True,https://i.scdn.co/image/ab67616d0000b2735dcede7ece7b2cb72cee4eee
2025-12-21,47,White Christmas - 1947 Version,"Bing Crosby, Ken Darby Singers, John Scott Trotter & His Orchestra",90,183613,compilation,12,1945-01-01,False,https://i.scdn.co/image/ab67616d0000b2738004cd6b343732b0e1e666f5
2025-12-21,48,Don’t Say You Love Me,Jin,88,180716,album,7,2025-05-16,False,https://i.scdn.co/image/ab67616d0000b27389228504f700641956e29f5d
2025-12-21,49,It's Beginning to Look a Lot Like Christmas (with Mitchell Ayres & His Orchestra),"Perry Como, The Fontane Sisters, Mitchell Ayres & His Orchestra",89,155933,album,21,1999-08-23,False,https://i.scdn.co/image/ab67616d0000b273d5f598be32d3027b9578ecd6
2025-12-21,50,Run Rudolph Run,Chuck Berry,89,165733,album,20,1986-01-01,False,https://i.scdn.co/image/ab67616d0000b27339807cff601735a3dec9e24c
2025-12-22,1,Last Christmas,Wham!,97,262960,single,3,1984-11-29,False,https://i.scdn.co/image/ab67616d0000b273f2d2adaa21ad616df6241e7d
2025-12-22,2,All I Want for Christmas Is You,Mariah Carey,98,241562,album,10,1994-10-28,False,https://i.scdn.co/image/ab67616d0000b273c0862332847213b151ffab31
2025-12-22,3,Rockin' Around The Christmas Tree,Brenda Lee,97,126266,album,12,1964-10-19,False,https://i.scdn.co/image/ab67616d0000b2737845f74d6db14b400fa61cd3
2025-12-22,4,Jingle Bell Rock,Bobby Helms,95,130973,single,2,1957-12-02,False,https://i.scdn.co/image/ab67616d0000b273fd56f3c7a294f5cfe51c7b17
2025-12-22,5,The Fate of Ophelia,Taylor Swift,100,226073,album,12,2025-10-03,False,https://i.scdn.co/image/ab67616d0000b273d7812467811a7da6e6a44902
2025-12-22,6,Santa Tell Me,Ariana Grande,96,204093,single,1,2014-11-24,False,https://i.scdn.co/image/ab67616d0000b273a1db745e63940bc06985dea5
2025-12-22,7,Let It Snow! Let It Snow! Let It Snow!,Dean Martin,95,117146,album,12,1959-01-01,False,https://i.scdn.co/image/ab67616d0000b2736d88028a85c771f37374c8ea
2025-12-22,8,Underneath the Tree,Kelly Clarkson,93,229638,album,16,2013-10-25,False,https://i.scdn.co/image/ab67616d0000b273c87992b7588879f66d192905
2025-12-22,9,Snowman,Sia,95,165900,album,13,2018-11-01,False,https://i.scdn.co/image/ab67616d0000b273e8b11389352ddae61df3a93b
2025-12-22,10,It's the Most Wonderful Time of the Year,Andy Williams,83,151000,album,12,1963-01-01,False,https://i.scdn.co/image/ab67616d0000b273585897779cf3591ba0f07650
2025-12-22,11,It's Beginning to Look a Lot like Christmas,Michael Bublé,87,206639,album,16,2011-10-24,False,https://i.scdn.co/image/ab67616d0000b27395517befb15ad5d63af701ab
2025-12-22,12,Golden,"HUNTR/X, EJAE, AUDREY NUNA, REI AMI, KPop Demon Hunters Cast",98,194607,album,12,2025-06-20,False,https://i.scdn.co/image/ab67616d0000b2734dcb6c5df15cf74596ab25a4
2025-12-22,13,Holly Jolly Christmas,Michael Bublé,87,119786,album,16,2011-10-24,False,https://i.scdn.co/image/ab67616d0000b27395517befb15ad5d63af701ab
2025-12-22,14,Feliz Navidad,José Feliciano,80,182306,album,23,2001-01-01,False,https://i.scdn.co/image/ab67616d0000b27357db4e3ca6a227ed612ad0b8
2025-12-22,15,Sleigh Ride,The Ronettes,82,181266,compilation,15,2020-12-04,False,https://i.scdn.co/image/ab67616d0000b2731f0d5a8ff630fd5944c3936d
2025-12-22,16,Mistletoe,Justin Bieber,92,182946,album,15,2011-01-01,False,https://i.scdn.co/image/ab67616d0000b273af0aff7f601df9ed6d2d531d
2025-12-22,17,The Christmas Song (Merry Christmas To You),Nat King Cole,91,192160,album,19,1962-01-01,False,https://i.scdn.co/image/ab67616d0000b27330dc6027fd140c7ba68e900c
2025-12-22,18,Man I Need,Olivia Dean,97,184000,single,3,2025-08-15,False,https://i.scdn.co/image/ab67616d0000b273e3d69e17dde129037a1f09e2
2025-12-22,19,back to friends,sombr,93,199032,single,1,2024-12-27,False,https://i.scdn.co/image/ab67616d0000b2739d24f74c1e2d8a12b1e591ec
2025-12-22,20,Happy Xmas (War Is Over) - Remastered 2010,"John Lennon, Yoko Ono",91,214333,compilation,119,2010-10-05,False,https://i.scdn.co/image/ab67616d0000b27361a389971d7842d02b0623ab
2025-12-22,21,Christmas (Baby Please Come Home),Darlene Love,88,166453,compilation,15,2020-12-04,False,https://i.scdn.co/image/ab67616d0000b2734bd42504ca3569f71af64fc8
2025-12-22,22,Wonderful Christmastime - Edited Version / Remastered 2011,Paul McCartney,91,227653,album,19,1980-05-16,False,https://i.scdn.co/image/ab67616d0000b2733cef016d13d82873d45af84a
2025-12-22,23,WHERE IS MY HUSBAND!,RAYE,95,196795,single,1,2025-09-19,False,https://i.scdn.co/image/ab67616d0000b2737cc8cee5c81409833e540974
2025-12-22,24,End of Beginning,Djo,94,159245,album,13,2022-09-16,False,https://i.scdn.co/image/ab67616d0000b273fddfffec51b4580acae727c1
2025-12-22,25,Ordinary,Alex Warren,92,186964,album,11,2024-09-26,False,https://i.scdn.co/image/ab67616d0000b27342fe69c0e7e5c92f01ece8ce
2025-12-22,26,CHANEL,Tyla,92,188059,single,1,2025-10-24,True,https://i.scdn.co/image/ab67616d0000b27336e063ca7f0b26f63515ca57
2025-12-22,27,So Easy (To Fall In Love),Olivia Dean,96,169000,album,12,2025-09-26,False,https://i.scdn.co/image/ab67616d0000b2739a336bfb6d40bbd90a507417
2025-12-22,28,Merry Christmas Everyone,Shakin' Stevens,90,220160,album,13,1991-11-25,False,https://i.scdn.co/image/ab67616d0000b273d962f3b4235f8c6429a829fb
2025-12-22,29,BIRDS OF A FEATHER,Billie Eilish,95,210373,album,10,2024-05-17,False,https://i.scdn.co/image/ab67616d0000b27371d62ea7ea8a5be92d3c1f62
2025-12-22,30,Every Breath You Take,The Police,93,253920,album,11,1983-06-17,False,https://i.scdn.co/image/ab67616d0000b273c8e97cafeb2acb85b21a777e
2025-12-22,31,Die With A Smile,"Lady Gaga, Bruno Mars",92,251667,single,1,2024-08-16,False,https://i.scdn.co/image/ab67616d0000b27382ea2e9e1858aa012c57cd45
2025-12-22,32,Do They Know It's Christmas? - 1984 Version,Band Aid,73,222533,single,2,2004-01-01,False,https://i.scdn.co/image/ab67616d0000b2732f77772e5c981e44fc347e22
2025-12-22,33,Driving Home for Christmas - 2019 Remaster,Chris Rea,84,241626,album,28,1987-08-02,False,https://i.scdn.co/image/ab67616d0000b2736d621c2d5114cc41c96b376a
2025-12-22,34,Cuando No Era Cantante,"El Bogueto, Yung Beef",91,211084,album,23,2024-09-26,True,https://i.scdn.co/image/ab67616d0000b27315110c9ad66e065592cc3496
2025-12-22,35,It's Beginning to Look a Lot Like Christmas (with Mitchell Ayres & His Orchestra),"Perry Como, The Fontane Sisters, Mitchell Ayres & His Orchestra",89,155933,album,21,1999-08-23,False,https://i.scdn.co/image/ab67616d0000b273d5f598be32d3027b9578ecd6
2025-12-22,36,White Christmas - 1947 Version,"Bing Crosby, Ken Darby Singers, John Scott Trotter & His Orchestra",90,183613,compilation,12,1945-01-01,False,https://i.scdn.co/image/ab67616d0000b2738004cd6b343732b0e1e666f5
2025-12-22,37,Run Rudolph Run,Chuck Berry,89,165733,album,20,1986-01-01,False,https://i.scdn.co/image/ab67616d0000b27339807cff601735a3dec9e24c
2025-12-22,38,DtMF,Bad Bunny,93,237117,album,17,2025-01-05,True,https://i.scdn.co/image/ab67616d0000b273bbd45c8d36e0e045ef640411
2025-12-22,39,BAILE INoLVIDABLE,Bad Bunny,92,367725,album,17,2025-01-05,True,https://i.scdn.co/image/ab67616d0000b273bbd45c8d36e0e045ef640411
2025-12-22,40,"Carol of the Bells (From ""Home Alone"" Soundtrack)",John Williams,89,85266,album,19,1990-01-01,False,https://i.scdn.co/image/ab67616d0000b273f497846e25233023ca7cb8b1
2025-12-22,41,Please Come Home for Christmas - 2013 Remaster,Eagles,89,177440,single,2,1978-11-27,False,https://i.scdn.co/image/ab67616d0000b2736d4362a2b2e39422000f8ed3
2025-12-22,42,Posso Até Não Te Dar Flores,"DJ Japa NK, MC Meno K, MC Ryan SP, Mc Jacaré, DJ DAVI DOGDOG",92,158769,single,1,2025-09-11,True,https://i.scdn.co/image/ab67616d0000b27303965d16104282739d6e0a58
2025-12-22,43,"Santa, Can’t You Hear Me","Kelly Clarkson, Ariana Grande",88,242644,album,15,2021-10-15,False,https://i.scdn.co/image/ab67616d0000b2731fa667a7a53c7072fed91a17
2025-12-22,44,Cuando No Era Cantante - Remix,"El Bogueto, Anuel AA, Fuerza Regida, Yung Beef",84,327488,single,1,2025-12-10,True,https://i.scdn.co/image/ab67616d0000b27376ca2bb969e79a911090df63
2025-12-22,45,Step Into Christmas - Remastered 1995,Elton John,87,272333,album,14,1974-06-28,False,https://i.scdn.co/image/ab67616d0000b27368f5959744717483eed212b2
2025-12-22,46,Opalite,Taylor Swift,95,235355,album,12,2025-10-03,False,https://i.scdn.co/image/ab67616d0000b273d7812467811a7da6e6a44902
2025-12-22,47,Sailor Song,Gigi Perez,88,211978,single,1,2024-07-26,False,https://i.scdn.co/image/ab67616d0000b273e6065f209e0a01986206bd53
2025-12-22,48,Gabriela,KATSEYE,93,197226,single,2,2025-06-20,False,https://i.scdn.co/image/ab67616d0000b273f8d4d00ffe09373efb13ce29
2025-12-22,49,Lush Life,Zara Larsson,2,201122,single,1,2015-06-09,False,https://i.scdn.co/image/ab67616d0000b2736eaa0691ac9d790b41d21a91
2025-12-22,50,Sedia Aku Sebelum Hujan,Idgitaf,87,230130,single,1,2025-10-08,False,https://i.scdn.co/image/ab67616d0000b2738dc8c573565969d55f9f3477
2025-12-23,1,Last Christmas,Wham!,97,262960,single,3,1984-11-29,False,https://i.scdn.co/image/ab67616d0000b273f2d2adaa21ad616df6241e7d
2025-12-23,2,All I Want for Christmas Is You,Mariah Carey,99,241562,album,10,1994-10-28,False,https://i.scdn.co/image/ab67616d0000b273c0862332847213b151ffab31
2025-12-23,3,Rockin' Around The Christmas Tree,Brenda Lee,97,126266,album,12,1964-10-19,False,https://i.scdn.co/image/ab67616d0000b2737845f74d6db14b400fa61cd3
2025-12-23,4,Jingle Bell Rock,Bobby Helms,95,130973,single,2,1957-12-02,False,https://i.scdn.co/image/ab67616d0000b273fd56f3c7a294f5cfe51c7b17
2025-12-23,5,Santa Tell Me,Ariana Grande,96,204093,single,1,2014-11-24,False,https://i.scdn.co/image/ab67616d0000b273a1db745e63940bc06985dea5
2025-12-23,6,The Fate of Ophelia,Taylor Swift,100,226073,album,12,2025-10-03,False,https://i.scdn.co/image/ab67616d0000b273d7812467811a7da6e6a44902
2025-12-23,7,Let It Snow! Let It Snow! Let It Snow!,Dean Martin,95,117146,album,12,1959-01-01,False,https://i.scdn.co/image/ab67616d0000b2736d88028a85c771f37374c8ea
2025-12-23,8,Snowman,Sia,95,165900,album,13,2018-11-01,False,https://i.scdn.co/image/ab67616d0000b273e8b11389352ddae61df3a93b
2025-12-23,9,Underneath the Tree,Kelly Clarkson,93,229638,album,16,2013-10-25,False,https://i.scdn.co/image/ab67616d0000b273c87992b7588879f66d192905
2025-12-23,10,It's the Most Wonderful Time of the Year,Andy Williams,83,151000,album,12,1963-01-01,False,https://i.scdn.co/image/ab67616d0000b273585897779cf3591ba0f07650
2025-12-23,11,It's Beginning to Look a Lot like Christmas,Michael Bublé,87,206639,album,16,2011-10-24,False,https://i.scdn.co/image/ab67616d0000b27395517befb15ad5d63af701ab
2025-12-23,12,Holly Jolly Christmas,Michael Bublé,87,119786,album,16,2011-10-24,False,https://i.scdn.co/image/ab67616d0000b27395517befb15ad5d63af701ab
2025-12-23,13,Feliz Navidad,José Feliciano,80,182306,album,23,2001-01-01,False,https://i.scdn.co/image/ab67616d0000b27357db4e3ca6a227ed612ad0b8
2025-12-23,14,Golden,"HUNTR/X, EJAE, AUDREY NUNA, REI AMI, KPop Demon Hunters Cast",98,194607,album,12,2025-06-20,False,https://i.scdn.co/image/ab67616d0000b2734dcb6c5df15cf74596ab25a4
2025-12-23,15,Sleigh Ride,The Ronettes,82,181266,compilation,15,2020-12-04,False,https://i.scdn.co/image/ab67616d0000b2731f0d5a8ff630fd5944c3936d
2025-12-23,16,The Christmas Song (Merry Christmas To You),Nat King Cole,91,192160,album,19,1962-01-01,False,https://i.scdn.co/image/ab67616d0000b27330dc6027fd140c7ba68e900c
2025-12-23,17,Mistletoe,Justin Bieber,93,182946,album,15,2011-01-01,False,https://i.scdn.co/image/ab67616d0000b273af0aff7f601df9ed6d2d531d
2025-12-23,18,Happy Xmas (War Is Over) - Remastered 2010,"John Lennon, Yoko Ono",92,214333,compilation,119,2010-10-05,False,https://i.scdn.co/image/ab67616d0000b27361a389971d7842d02b0623ab
2025-12-23,19,Man I Need,Olivia Dean,97,184000,single,3,2025-08-15,False,https://i.scdn.co/image/ab67616d0000b273e3d69e17dde129037a1f09e2
2025-12-23,20,back to friends,sombr,93,199032,single,1,2024-12-27,False,https://i.scdn.co/image/ab67616d0000b2739d24f74c1e2d8a12b1e591ec
2025-12-23,21,Christmas (Baby Please Come Home),Darlene Love,89,166453,compilation,15,2020-12-04,False,https://i.scdn.co/image/ab67616d0000b2734bd42504ca3569f71af64fc8
2025-12-23,22,Wonderful Christmastime - Edited Version / Remastered 2011,Paul McCartney,91,227653,album,19,1980-05-16,False,https://i.scdn.co/image/ab67616d0000b2733cef016d13d82873d45af84a
2025-12-23,23,So Easy (To Fall In Love),Olivia Dean,96,169000,album,12,2025-09-26,False,https://i.scdn.co/image/ab67616d0000b2739a336bfb6d40bbd90a507417
2025-12-23,24,End of Beginning,Djo,94,159245,album,13,2022-09-16,False,https://i.scdn.co/image/ab67616d0000b273fddfffec51b4580acae727c1
2025-12-23,25,Merry Christmas Everyone,Shakin' Stevens,90,220160,album,13,1991-11-25,False,https://i.scdn.co/image/ab67616d0000b273d962f3b4235f8c6429a829fb
2025-12-23,26,Ordinary,Alex Warren,92,186964,album,11,2024-09-26,False,https://i.scdn.co/image/ab67616d0000b27342fe69c0e7e5c92f01ece8ce
2025-12-23,27,WHERE IS MY HUSBAND!,RAYE,95,196795,single,1,2025-09-19,False,https://i.scdn.co/image/ab67616d0000b2737cc8cee5c81409833e540974
2025-12-23,28,CHANEL,Tyla,92,188059,single,1,2025-10-24,True,https://i.scdn.co/image/ab67616d0000b27336e063ca7f0b26f63515ca57
2025-12-23,29,Every Breath You Take,The Police,93,253920,album,11,1983-06-17,False,https://i.scdn.co/image/ab67616d0000b273c8e97cafeb2acb85b21a777e
2025-12-23,30,Driving Home for Christmas - 2019 Remaster,Chris Rea,84,241626,album,28,1987-08-02,False,https://i.scdn.co/image/ab67616d0000b2736d621c2d5114cc41c96b376a
2025-12-23,31,Do They Know It's Christmas? - 1984 Version,Band Aid,73,222533,single,2,2004-01-01,False,https://i.scdn.co/image/ab67616d0000b2732f77772e5c981e44fc347e22
2025-12-23,32,White Christmas - 1947 Version,"Bing Crosby, Ken Darby Singers, John Scott Trotter & His Orchestra",90,183613,compilation,12,1945-01-01,False,https://i.scdn.co/image/ab67616d0000b2738004cd6b343732b0e1e666f5
2025-12-23,33,BIRDS OF A FEATHER,Billie Eilish,95,210373,album,10,2024-05-17,False,https://i.scdn.co/image/ab67616d0000b27371d62ea7ea8a5be92d3c1f62
2025-12-23,34,Die With A Smile,"Lady Gaga, Bruno Mars",92,251667,single,1,2024-08-16,False,https://i.scdn.co/image/ab67616d0000b27382ea2e9e1858aa012c57cd45
2025-12-23,35,It's Beginning to Look a Lot Like Christmas (with Mitchell Ayres & His Orchestra),"Perry Como, The Fontane Sisters, Mitchell Ayres & His Orchestra",89,155933,album,21,1999-08-23,False,https://i.scdn.co/image/ab67616d0000b273d5f598be32d3027b9578ecd6
2025-12-23,36,"Carol of the Bells (From ""Home Alone"" Soundtrack)",John Williams,90,85266,album,19,1990-01-01,False,https://i.scdn.co/image/ab67616d0000b273f497846e25233023ca7cb8b1
2025-12-23,37,Run Rudolph Run,Chuck Berry,90,165733,album,20,1986-01-01,False,https://i.scdn.co/image/ab67616d0000b27339807cff601735a3dec9e24c
2025-12-23,38,Please Come Home for Christmas - 2013 Remaster,Eagles,90,177440,single,2,1978-11-27,False,https://i.scdn.co/image/ab67616d0000b2736d4362a2b2e39422000f8ed3
2025-12-23,39,Step Into Christmas - Remastered 1995,Elton John,88,272333,album,14,1974-06-28,False,https://i.scdn.co/image/ab67616d0000b27368f5959744717483eed212b2
2025-12-23,40,Cuando No Era Cantante,"El Bogueto, Yung Beef",91,211084,album,23,2024-09-26,True,https://i.scdn.co/image/ab67616d0000b27315110c9ad66e065592cc3496
2025-12-23,41,Lush Life,Zara Larsson,2,201122,single,1,2015-06-09,False,https://i.scdn.co/image/ab67616d0000b2736eaa0691ac9d790b41d21a91
2025-12-23,42,"Santa, Can’t You Hear Me","Kelly Clarkson, Ariana Grande",89,242644,album,15,2021-10-15,False,https://i.scdn.co/image/ab67616d0000b2731fa667a7a53c7072fed91a17
2025-12-23,43,Sedia Aku Sebelum Hujan,Idgitaf,87,230130,single,1,2025-10-08,False,https://i.scdn.co/image/ab67616d0000b2738dc8c573565969d55f9f3477
2025-12-23,44,DtMF,Bad Bunny,93,237117,album,17,2025-01-05,True,https://i.scdn.co/image/ab67616d0000b273bbd45c8d36e0e045ef640411
2025-12-23,45,Merry Christmas,"Ed Sheeran, Elton John",0,208546,album,15,2021-12-01,False,https://i.scdn.co/image/ab67616d0000b273442f8c48ad3cc14f1de383fd
2025-12-23,46,BAILE INoLVIDABLE,Bad Bunny,92,367725,album,17,2025-01-05,True,https://i.scdn.co/image/ab67616d0000b273bbd45c8d36e0e045ef640411
2025-12-23,47,Sailor Song,Gigi Perez,88,211978,single,1,2024-07-26,False,https://i.scdn.co/image/ab67616d0000b273e6065f209e0a01986206bd53
2025-12-23,48,Gabriela,KATSEYE,93,197226,single,2,2025-06-20,False,https://i.scdn.co/image/ab67616d0000b273f8d4d00ffe09373efb13ce29
2025-12-23,49,Iris,The Goo Goo Dolls,93,289533,album,13,1998-01-01,False,https://i.scdn.co/image/ab67616d0000b273eda9478c39a21e1cdc6609ca
2025-12-23,50,Let It Snow! Let It Snow! Let It Snow! (with The B. Swanson Quartet),"Frank Sinatra, B. Swanson Quartet",88,155453,compilation,14,1994-11-08,False,https://i.scdn.co/image/ab67616d0000b2739457e3a848ca8bc8270f6057
